-- phpMyAdmin SQL Dump
-- version 5.2.0
-- https://www.phpmyadmin.net/
--
-- Máy chủ: 127.0.0.1
-- Thời gian đã tạo: Th10 09, 2022 lúc 09:45 AM
-- Phiên bản máy phục vụ: 10.4.24-MariaDB
-- Phiên bản PHP: 8.1.6

SET SQL_MODE = "NO_AUTO_VALUE_ON_ZERO";
START TRANSACTION;
SET time_zone = "+00:00";


/*!40101 SET @OLD_CHARACTER_SET_CLIENT=@@CHARACTER_SET_CLIENT */;
/*!40101 SET @OLD_CHARACTER_SET_RESULTS=@@CHARACTER_SET_RESULTS */;
/*!40101 SET @OLD_COLLATION_CONNECTION=@@COLLATION_CONNECTION */;
/*!40101 SET NAMES utf8mb4 */;

--
-- Cơ sở dữ liệu: `toyshop`
--

-- --------------------------------------------------------

--
-- Cấu trúc bảng cho bảng `address`
--

CREATE TABLE `address` (
  `addressid` int(11) NOT NULL,
  `provinceid` varchar(5) NOT NULL,
  `districtid` varchar(5) NOT NULL,
  `wardid` varchar(5) NOT NULL,
  `number` varchar(40) NOT NULL
) ENGINE=InnoDB DEFAULT CHARSET=utf8;

-- --------------------------------------------------------

--
-- Cấu trúc bảng cho bảng `category`
--

CREATE TABLE `category` (
  `CategoryID` int(11) NOT NULL,
  `CategoryName` varchar(100) NOT NULL,
  `CategoryDescription` varchar(255) DEFAULT NULL
) ENGINE=InnoDB DEFAULT CHARSET=utf8mb4;

--
-- Đang đổ dữ liệu cho bảng `category`
--

INSERT INTO `category` (`CategoryID`, `CategoryName`, `CategoryDescription`) VALUES
(3, 'lego', 'lego'),
(6, 'vehicle', 'vehicle'),
(7, 'animal', 'animal');

-- --------------------------------------------------------

--
-- Cấu trúc bảng cho bảng `category_product`
--

CREATE TABLE `category_product` (
  `cpId` int(10) UNSIGNED NOT NULL,
  `product_pID` int(11) NOT NULL,
  `category_CategoryID` int(11) NOT NULL
) ENGINE=InnoDB DEFAULT CHARSET=utf8mb4 COLLATE=utf8mb4_unicode_ci;

-- --------------------------------------------------------

--
-- Cấu trúc bảng cho bảng `country`
--

CREATE TABLE `country` (
  `cID` int(11) NOT NULL,
  `cName` varchar(100) NOT NULL
) ENGINE=InnoDB DEFAULT CHARSET=utf8mb4;

--
-- Đang đổ dữ liệu cho bảng `country`
--

INSERT INTO `country` (`cID`, `cName`) VALUES
(1, 'Afghanistan'),
(2, 'Albania'),
(3, 'Algeria'),
(4, 'Andorra'),
(5, 'Angola'),
(6, 'Antigua and Barbuda'),
(7, 'Argentina'),
(8, 'Armenia'),
(9, 'Australia'),
(10, 'Austria'),
(11, 'Azerbaijan'),
(13, 'Bahrain'),
(14, 'Bangladesh'),
(15, 'Barbados'),
(16, 'Belarus'),
(17, 'Belgium'),
(18, 'Belize'),
(19, 'Benin'),
(20, 'Bhutan'),
(21, 'Bolivia'),
(22, 'Bosnia and Herzegovina'),
(23, 'Botswana'),
(24, 'Brazil'),
(25, 'Brunei'),
(26, 'Bulgaria'),
(27, 'Burkina Faso'),
(28, 'Burundi'),
(29, 'Cabo Verde'),
(30, 'Cambodia'),
(31, 'Cameroon'),
(32, 'Canada'),
(33, 'Central African Republic'),
(34, 'Chad'),
(35, 'Chile'),
(36, 'China'),
(37, 'Colombia'),
(38, 'Comoros'),
(39, 'Congo, Democratic Republic of the'),
(40, 'Congo, Republic of the'),
(41, 'Costa Rica'),
(42, 'Côte d’Ivoire'),
(43, 'Croatia'),
(44, 'Cuba'),
(45, 'Cyprus'),
(46, 'Czech Republic'),
(47, 'Denmark'),
(48, 'Djibouti'),
(49, 'Dominica'),
(50, 'Dominican Republic'),
(51, 'East Timor '),
(52, 'Ecuador'),
(53, 'Egypt'),
(54, 'El Salvador'),
(55, 'Equatorial Guinea'),
(56, 'Eritrea'),
(57, 'Estonia'),
(58, 'Eswatini'),
(59, 'Ethiopia'),
(60, 'Fiji'),
(61, 'Finland'),
(62, 'France'),
(63, 'Gabon'),
(65, 'Georgia'),
(66, 'Germany'),
(67, 'Ghana'),
(68, 'Greece'),
(69, 'Grenada'),
(70, 'Guatemala'),
(71, 'Guinea'),
(72, 'Guinea-Bissau'),
(73, 'Guyana'),
(74, 'Haiti'),
(75, 'Honduras'),
(76, 'Hungary'),
(77, 'Iceland'),
(78, 'India'),
(79, 'Indonesia'),
(80, 'Iran'),
(81, 'Iraq'),
(82, 'Ireland'),
(83, 'Israel'),
(84, 'Italy'),
(85, 'Jamaica'),
(86, 'Japan'),
(87, 'Jordan'),
(88, 'Kazakhstan'),
(89, 'Kenya'),
(90, 'Kiribati'),
(91, 'Korea, North'),
(92, 'Korea, South'),
(93, 'Kosovo'),
(94, 'Kuwait'),
(95, 'Kyrgyzstan'),
(96, 'Laos'),
(97, 'Latvia'),
(98, 'Lebanon'),
(99, 'Lesotho'),
(100, 'Liberia'),
(101, 'Libya'),
(102, 'Liechtenstein'),
(103, 'Lithuania'),
(104, 'Luxembourg'),
(105, 'Madagascar'),
(106, 'Malawi'),
(107, 'Malaysia'),
(108, 'Maldives'),
(109, 'Mali'),
(110, 'Malta'),
(111, 'Marshall Islands'),
(112, 'Mauritania'),
(113, 'Mauritius'),
(114, 'Mexico'),
(115, 'Micronesia, Federated States of'),
(116, 'Moldova'),
(117, 'Monaco'),
(118, 'Mongolia'),
(119, 'Montenegro'),
(120, 'Morocco'),
(121, 'Mozambique'),
(122, 'Myanmar'),
(123, 'Namibia'),
(124, 'Nauru'),
(125, 'Nepal'),
(126, 'Netherlands'),
(127, 'New Zealand'),
(128, 'Nicaragua'),
(129, 'Niger'),
(130, 'Nigeria'),
(131, 'North Macedonia'),
(132, 'Norway'),
(133, 'Oman'),
(134, 'Pakistan'),
(135, 'Palau'),
(136, 'Panama'),
(137, 'Papua New Guinea'),
(138, 'Paraguay'),
(139, 'Peru'),
(140, 'Philippines'),
(141, 'Poland'),
(142, 'Portugal'),
(143, 'Qatar'),
(144, 'Romania'),
(145, 'Russia'),
(146, 'Rwanda'),
(147, 'Saint Kitts and Nevis'),
(148, 'Saint Lucia'),
(149, 'Saint Vincent and the Grenadines'),
(150, 'Samoa'),
(151, 'San Marino'),
(152, 'Sao Tome and Principe'),
(153, 'Saudi Arabia'),
(154, 'Senegal'),
(155, 'Serbia'),
(156, 'Seychelles'),
(157, 'Sierra Leone'),
(158, 'Singapore'),
(159, 'Slovakia'),
(160, 'Slovenia'),
(161, 'Solomon Islands'),
(162, 'Somalia'),
(163, 'South Africa'),
(164, 'Spain'),
(165, 'Sri Lanka'),
(166, 'Sudan'),
(167, 'Sudan, South'),
(168, 'Suriname'),
(169, 'Sweden'),
(170, 'Switzerland'),
(171, 'Syria'),
(172, 'Taiwan'),
(173, 'Tajikistan'),
(174, 'Tanzania'),
(175, 'Thailand'),
(12, 'The Bahamas'),
(64, 'The Gambia'),
(176, 'Togo'),
(177, 'Tonga'),
(178, 'Trinidad and Tobago'),
(179, 'Tunisia'),
(180, 'Turkey'),
(181, 'Turkmenistan'),
(182, 'Tuvalu'),
(183, 'Uganda'),
(184, 'Ukraine'),
(185, 'United Arab Emirates'),
(186, 'United Kingdom'),
(187, 'United States'),
(188, 'Uruguay'),
(189, 'Uzbekistan'),
(190, 'Vanuatu'),
(191, 'Vatican City'),
(192, 'Venezuela'),
(193, 'Vietnam'),
(194, 'Yemen'),
(195, 'Zambia'),
(196, 'Zimbabwe');

-- --------------------------------------------------------

--
-- Cấu trúc bảng cho bảng `detail`
--

CREATE TABLE `detail` (
  `dID` int(11) NOT NULL,
  `rID` int(11) NOT NULL,
  `pID` int(11) NOT NULL,
  `dQuantity` int(11) NOT NULL
) ENGINE=InnoDB DEFAULT CHARSET=utf8mb4;

-- --------------------------------------------------------

--
-- Cấu trúc bảng cho bảng `district`
--

CREATE TABLE `district` (
  `districtid` varchar(5) NOT NULL,
  `name` varchar(100) NOT NULL,
  `type` varchar(30) NOT NULL,
  `location` varchar(30) NOT NULL,
  `provinceid` varchar(5) NOT NULL
) ENGINE=InnoDB DEFAULT CHARSET=utf8;

--
-- Đang đổ dữ liệu cho bảng `district`
--

INSERT INTO `district` (`districtid`, `name`, `type`, `location`, `provinceid`) VALUES
('001', 'Ba Đình', 'Quận', '21 02 08N, 105 49 38E', '01'),
('002', 'Hoàn Kiếm', 'Quận', '21 01 53N, 105 51 09E', '01'),
('003', 'Tây Hồ', 'Quận', '21 04 10N, 105 49 07E', '01'),
('004', 'Long Biên', 'Quận', '21 02 21N, 105 53 07E', '01'),
('005', 'Cầu Giấy', 'Quận', '21 01 52N, 105 47 20E', '01'),
('006', 'Đống Đa', 'Quận', '21 00 56N, 105 49 06E', '01'),
('007', 'Hai Bà Trưng', 'Quận', '21 00 27N, 105 51 35E', '01'),
('008', 'Hoàng Mai', 'Quận', '20 58 33N, 105 51 22E', '01'),
('009', 'Thanh Xuân', 'Quận', '20 59 44N, 105 48 56E', '01'),
('016', 'Sóc Sơn', 'Huyện', '21 16 55N, 105 49 46E', '01'),
('017', 'Đông Anh', 'Huyện', '21 08 16N, 105 49 38E', '01'),
('018', 'Gia Lâm', 'Huyện', '21 01 28N, 105 56 54E', '01'),
('019', 'Từ Liêm', 'Huyện', '21 02 39N, 105 45 32E', '01'),
('020', 'Thanh Trì', 'Huyện', '20 56 32N, 105 50 55E', '01'),
('024', 'Hà Giang', 'Thị Xã', '22 46 23N, 105 02 39E', '02'),
('026', 'Đồng Văn', 'Huyện', '23 14 34N, 105 15 48E', '02'),
('027', 'Mèo Vạc', 'Huyện', '23 09 10N, 105 26 38E', '02'),
('028', 'Yên Minh', 'Huyện', '23 04 20N, 105 10 13E', '02'),
('029', 'Quản Bạ', 'Huyện', '23 04 03N, 104 58 05E', '02'),
('030', 'Vị Xuyên', 'Huyện', '22 45 50N, 104 56 26E', '02'),
('031', 'Bắc Mê', 'Huyện', '22 45 48N, 105 16 26E', '02'),
('032', 'Hoàng Su Phì', 'Huyện', '22 41 37N, 104 40 06E', '02'),
('033', 'Xín Mần', 'Huyện', '22 38 05N, 104 28 35E', '02'),
('034', 'Bắc Quang', 'Huyện', '22 23 42N, 104 55 06E', '02'),
('035', 'Quang Bình', 'Huyện', '22 23 07N, 104 37 11E', '02'),
('040', 'Cao Bằng', 'Thị Xã', '22 39 20N, 106 15 20E', '04'),
('042', 'Bảo Lâm', 'Huyện', '22 52 37N, 105 27 28E', '04'),
('043', 'Bảo Lạc', 'Huyện', '22 52 31N, 105 42 41E', '04'),
('044', 'Thông Nông', 'Huyện', '22 49 09N, 105 57 05E', '04'),
('045', 'Hà Quảng', 'Huyện', '22 53 42N, 106 06 32E', '04'),
('046', 'Trà Lĩnh', 'Huyện', '22 48 14N, 106 19 47E', '04'),
('047', 'Trùng Khánh', 'Huyện', '22 49 31N, 106 33 58E', '04'),
('048', 'Hạ Lang', 'Huyện', '22 42 37N, 106 41 42E', '04'),
('049', 'Quảng Uyên', 'Huyện', '22 40 15N, 106 27 42E', '04'),
('050', 'Phục Hoà', 'Huyện', '22 33 52N, 106 30 02E', '04'),
('051', 'Hoà An', 'Huyện', '22 41 20N, 106 02 05E', '04'),
('052', 'Nguyên Bình', 'Huyện', '22 38 52N, 105 57 02E', '04'),
('053', 'Thạch An', 'Huyện', '22 28 51N, 106 19 51E', '04'),
('058', 'Bắc Kạn', 'Thị Xã', '22 08 00N, 105 51 10E', '06'),
('060', 'Pác Nặm', 'Huyện', '22 35 46N, 105 40 25E', '06'),
('061', 'Ba Bể', 'Huyện', '22 23 54N, 105 43 30E', '06'),
('062', 'Ngân Sơn', 'Huyện', '22 25 50N, 106 01 00E', '06'),
('063', 'Bạch Thông', 'Huyện', '22 12 04N, 105 51 01E', '06'),
('064', 'Chợ Đồn', 'Huyện', '22 11 18N, 105 34 43E', '06'),
('065', 'Chợ Mới', 'Huyện', '21 57 56N, 105 51 29E', '06'),
('066', 'Na Rì', 'Huyện', '22 09 48N, 106 05 09E', '06'),
('070', 'Tuyên Quang', 'Thị Xã', '21 49 40N, 105 13 12E', '08'),
('072', 'Nà Hang', 'Huyện', '22 28 34N, 105 21 03E', '08'),
('073', 'Chiêm Hóa', 'Huyện', '22 12 49N, 105 14 32E', '08'),
('074', 'Hàm Yên', 'Huyện', '22 05 46N, 105 00 13E', '08'),
('075', 'Yên Sơn', 'Huyện', '21 51 53N, 105 18 14E', '08'),
('076', 'Sơn Dương', 'Huyện', '21 40 22N, 105 22 57E', '08'),
('080', 'Lào Cai', 'Thành Phố', '22 25 07N, 103 58 43E', '10'),
('082', 'Bát Xát', 'Huyện', '22 35 50N, 103 44 49E', '10'),
('083', 'Mường Khương', 'Huyện', '22 41 05N, 104 08 26E', '10'),
('084', 'Si Ma Cai', 'Huyện', '22 39 46N, 104 16 05E', '10'),
('085', 'Bắc Hà', 'Huyện', '22 30 08N, 104 18 54E', '10'),
('086', 'Bảo Thắng', 'Huyện', '22 22 47N, 104 10 00E', '10'),
('087', 'Bảo Yên', 'Huyện', '22 17 38N, 104 25 02E', '10'),
('088', 'Sa Pa', 'Huyện', '22 18 54N, 103 54 18E', '10'),
('089', 'Văn Bàn', 'Huyện', '22 03 48N, 104 10 59E', '10'),
('094', 'Điện Biên Phủ', 'Thành Phố', '21 24 52N, 103 02 31E', '11'),
('095', 'Mường Lay', 'Thị Xã', '22 01 47N, 103 07 10E', '11'),
('096', 'Mường Nhé', 'Huyện', '22 06 11N, 102 30 54E', '11'),
('097', 'Mường Chà', 'Huyện', '21 50 31N, 103 03 15E', '11'),
('098', 'Tủa Chùa', 'Huyện', '21 58 19N, 103 23 01E', '11'),
('099', 'Tuần Giáo', 'Huyện', '21 38 03N, 103 21 06E', '11'),
('100', 'Điện Biên', 'Huyện', '21 15 19N, 103 03 19E', '11'),
('101', 'Điện Biên Đông', 'Huyện', '21 14 07N, 103 15 19E', '11'),
('102', 'Mường Ảng', 'Huyện', '', '11'),
('104', 'Lai Châu', 'Thị Xã', '22 23 15N, 103 24 22E', '12'),
('106', 'Tam Đường', 'Huyện', '22 20 16N, 103 32 53E', '12'),
('107', 'Mường Tè', 'Huyện', '22 24 16N, 102 43 11E', '12'),
('108', 'Sìn Hồ', 'Huyện', '22 17 21N, 103 18 12E', '12'),
('109', 'Phong Thổ', 'Huyện', '22 38 24N, 103 22 38E', '12'),
('110', 'Than Uyên', 'Huyện', '21 59 35N, 103 45 30E', '12'),
('111', 'Tân Uyên', 'Huyện', '', '12'),
('116', 'Sơn La', 'Thành Phố', '21 20 39N, 103 54 52E', '14'),
('118', 'Quỳnh Nhai', 'Huyện', '21 46 34N, 103 39 02E', '14'),
('119', 'Thuận Châu', 'Huyện', '21 24 54N, 103 39 46E', '14'),
('120', 'Mường La', 'Huyện', '21 31 38N, 104 02 48E', '14'),
('121', 'Bắc Yên', 'Huyện', '21 13 23N, 104 22 09E', '14'),
('122', 'Phù Yên', 'Huyện', '21 13 33N, 104 41 51E', '14'),
('123', 'Mộc Châu', 'Huyện', '20 49 21N, 104 43 10E', '14'),
('124', 'Yên Châu', 'Huyện', '20 59 33N, 104 19 51E', '14'),
('125', 'Mai Sơn', 'Huyện', '21 10 08N, 103 59 36E', '14'),
('126', 'Sông Mã', 'Huyện', '21 06 04N, 103 43 56E', '14'),
('127', 'Sốp Cộp', 'Huyện', '20 52 46N, 103 30 38E', '14'),
('132', 'Yên Bái', 'Thành Phố', '21 44 28N, 104 53 42E', '15'),
('133', 'Nghĩa Lộ', 'Thị Xã', '21 35 58N, 104 29 22E', '15'),
('135', 'Lục Yên', 'Huyện', '22 06 44N, 104 43 12E', '15'),
('136', 'Văn Yên', 'Huyện', '21 55 55N, 104 33 51E', '15'),
('137', 'Mù Cang Chải', 'Huyện', '21 48 22N, 104 09 01E', '15'),
('138', 'Trấn Yên', 'Huyện', '21 42 20N, 104 48 56E', '15'),
('139', 'Trạm Tấu', 'Huyện', '21 30 40N, 104 28 03E', '15'),
('140', 'Văn Chấn', 'Huyện', '21 34 15N, 104 35 19E', '15'),
('141', 'Yên Bình', 'Huyện', '21 52 24N, 104 55 16E', '15'),
('148', 'Hòa Bình', 'Thành Phố', '20 50 36N, 105 19 20E', '17'),
('150', 'Đà Bắc', 'Huyện', '20 55 58N, 105 04 52E', '17'),
('151', 'Kỳ Sơn', 'Huyện', '20 54 06N, 105 23 18E', '17'),
('152', 'Lương Sơn', 'Huyện', '20 53 16N, 105 30 55E', '17'),
('153', 'Kim Bôi', 'Huyện', '20 40 34N, 105 32 15E', '17'),
('154', 'Cao Phong', 'Huyện', '20 41 23N, 105 17 48E', '17'),
('155', 'Tân Lạc', 'Huyện', '20 36 44N, 105 15 03E', '17'),
('156', 'Mai Châu', 'Huyện', '20 40 56N, 104 59 46E', '17'),
('157', 'Lạc Sơn', 'Huyện', '20 29 59N, 105 24 57E', '17'),
('158', 'Yên Thủy', 'Huyện', '20 25 42N, 105 37 59E', '17'),
('159', 'Lạc Thủy', 'Huyện', '20 29 12N, 105 44 06E', '17'),
('164', 'Thái Nguyên', 'Thành Phố', '21 33 20N, 105 48 26E', '19'),
('165', 'Sông Công', 'Thị Xã', '21 29 14N, 105 48 47E', '19'),
('167', 'Định Hóa', 'Huyện', '21 53 50N, 105 38 01E', '19'),
('168', 'Phú Lương', 'Huyện', '21 45 57N, 105 43 22E', '19'),
('169', 'Đồng Hỷ', 'Huyện', '21 41 10N, 105 55 43E', '19'),
('170', 'Võ Nhai', 'Huyện', '21 47 14N, 106 02 29E', '19'),
('171', 'Đại Từ', 'Huyện', '21 36 17N, 105 37 28E', '19'),
('172', 'Phổ Yên', 'Huyện', '21 27 08N, 105 45 19E', '19'),
('173', 'Phú Bình', 'Huyện', '21 29 36N, 105 57 42E', '19'),
('178', 'Lạng Sơn', 'Thành Phố', '21 51 19N, 106 44 50E', '20'),
('180', 'Tràng Định', 'Huyện', '22 18 09N, 106 26 32E', '20'),
('181', 'Bình Gia', 'Huyện', '22 03 56N, 106 19 01E', '20'),
('182', 'Văn Lãng', 'Huyện', '22 01 59N, 106 34 17E', '20'),
('183', 'Cao Lộc', 'Huyện', '21 53 05N, 106 50 34E', '20'),
('184', 'Văn Quan', 'Huyện', '21 51 04N, 106 33 04E', '20'),
('185', 'Bắc Sơn', 'Huyện', '21 48 57N, 106 15 28E', '20'),
('186', 'Hữu Lũng', 'Huyện', '21 34 33N, 106 20 33E', '20'),
('187', 'Chi Lăng', 'Huyện', '21 40 05N, 106 37 24E', '20'),
('188', 'Lộc Bình', 'Huyện', '21 40 41N, 106 58 12E', '20'),
('189', 'Đình Lập', 'Huyện', '21 32 07N, 107 07 25E', '20'),
('193', 'Hạ Long', 'Thành Phố', '20 52 24N, 107 05 23E', '22'),
('194', 'Móng Cái', 'Thành Phố', '21 26 31N, 107 55 09E', '22'),
('195', 'Cẩm Phả', 'Thị Xã', '21 03 42N, 107 17 22E', '22'),
('196', 'Uông Bí', 'Thị Xã', '21 04 33N, 106 45 07E', '22'),
('198', 'Bình Liêu', 'Huyện', '21 33 07N, 107 26 24E', '22'),
('199', 'Tiên Yên', 'Huyện', '21 22 24N, 107 22 50E', '22'),
('200', 'Đầm Hà', 'Huyện', '21 21 23N, 107 34 32E', '22'),
('201', 'Hải Hà', 'Huyện', '21 25 50N, 107 41 26E', '22'),
('202', 'Ba Chẽ', 'Huyện', '21 15 40N, 107 09 52E', '22'),
('203', 'Vân Đồn', 'Huyện', '20 56 17N, 107 28 02E', '22'),
('204', 'Hoành Bồ', 'Huyện', '21 06 30N, 107 02 43E', '22'),
('205', 'Đông Triều', 'Huyện', '21 07 10N, 106 34 36E', '22'),
('206', 'Yên Hưng', 'Huyện', '20 55 40N, 106 51 05E', '22'),
('207', 'Cô Tô', 'Huyện', '21 05 01N, 107 49 10E', '22'),
('213', 'Bắc Giang', 'Thành Phố', '21 17 36N, 106 11 18E', '24'),
('215', 'Yên Thế', 'Huyện', '21 31 29N, 106 09 27E', '24'),
('216', 'Tân Yên', 'Huyện', '21 23 23N, 106 05 55E', '24'),
('217', 'Lạng Giang', 'Huyện', '21 21 58N, 106 15 21E', '24'),
('218', 'Lục Nam', 'Huyện', '21 18 16N, 106 29 24E', '24'),
('219', 'Lục Ngạn', 'Huyện', '21 26 15N, 106 39 09E', '24'),
('220', 'Sơn Động', 'Huyện', '21 19 42N, 106 51 09E', '24'),
('221', 'Yên Dũng', 'Huyện', '21 12 22N, 106 14 12E', '24'),
('222', 'Việt Yên', 'Huyện', '21 16 16N, 106 04 59E', '24'),
('223', 'Hiệp Hòa', 'Huyện', '21 15 51N, 105 57 30E', '24'),
('227', 'Việt Trì', 'Thành Phố', '21 19 01N, 105 23 35E', '25'),
('228', 'Phú Thọ', 'Thị Xã', '21 24 54N, 105 13 46E', '25'),
('230', 'Đoan Hùng', 'Huyện', '21 36 56N, 105 08 42E', '25'),
('231', 'Hạ Hoà', 'Huyện', '21 35 13N, 105 00 22E', '25'),
('232', 'Thanh Ba', 'Huyện', '21 27 04N, 105 09 10E', '25'),
('233', 'Phù Ninh', 'Huyện', '21 26 59N, 105 18 13E', '25'),
('234', 'Yên Lập', 'Huyện', '21 22 21N, 105 01 25E', '25'),
('235', 'Cẩm Khê', 'Huyện', '21 23 04N, 105 05 25E', '25'),
('236', 'Tam Nông', 'Huyện', '21 18 24N, 105 14 59E', '25'),
('237', 'Lâm Thao', 'Huyện', '21 19 37N, 105 18 09E', '25'),
('238', 'Thanh Sơn', 'Huyện', '21 08 32N, 105 04 40E', '25'),
('239', 'Thanh Thuỷ', 'Huyện', '21 07 26N, 105 17 18E', '25'),
('240', 'Tân Sơn', 'Huyện', '', '25'),
('243', 'Vĩnh Yên', 'Thành Phố', '21 18 26N, 105 35 33E', '26'),
('244', 'Phúc Yên', 'Thị Xã', '21 18 55N, 105 43 54E', '26'),
('246', 'Lập Thạch', 'Huyện', '21 24 45N, 105 25 39E', '26'),
('247', 'Tam Dương', 'Huyện', '21 21 40N, 105 33 36E', '26'),
('248', 'Tam Đảo', 'Huyện', '21 27 34N, 105 35 09E', '26'),
('249', 'Bình Xuyên', 'Huyện', '21 19 48N, 105 39 43E', '26'),
('250', 'Mê Linh', 'Huyện', '21 10 53N, 105 42 05E', '01'),
('251', 'Yên Lạc', 'Huyện', '21 13 17N, 105 34 44E', '26'),
('252', 'Vĩnh Tường', 'Huyện', '21 14 58N, 105 29 37E', '26'),
('253', 'Sông Lô', 'Huyện', '', '26'),
('256', 'Bắc Ninh', 'Thành Phố', '21 10 48N, 106 03 58E', '27'),
('258', 'Yên Phong', 'Huyện', '21 12 40N, 105 59 36E', '27'),
('259', 'Quế Võ', 'Huyện', '21 08 44N, 106 11 06E', '27'),
('260', 'Tiên Du', 'Huyện', '21 07 37N, 106 02 19E', '27'),
('261', 'Từ Sơn', 'Thị Xã', '21 07 12N, 105 57 26E', '27'),
('262', 'Thuận Thành', 'Huyện', '21 02 24N, 106 04 10E', '27'),
('263', 'Gia Bình', 'Huyện', '21 03 55N, 106 12 53E', '27'),
('264', 'Lương Tài', 'Huyện', '21 01 33N, 106 13 28E', '27'),
('268', 'Hà Đông', 'Quận', '20 57 25N, 105 45 21E', '01'),
('269', 'Sơn Tây', 'Thị Xã', '21 05 51N, 105 28 27E', '01'),
('271', 'Ba Vì', 'Huyện', '21 09 40N, 105 22 43E', '01'),
('272', 'Phúc Thọ', 'Huyện', '21 06 32N, 105 34 52E', '01'),
('273', 'Đan Phượng', 'Huyện', '21 07 13N, 105 40 49E', '01'),
('274', 'Hoài Đức', 'Huyện', '21 01 25N, 105 42 03E', '01'),
('275', 'Quốc Oai', 'Huyện', '20 58 45N, 105 36 43E', '01'),
('276', 'Thạch Thất', 'Huyện', '21 02 17N, 105 33 05E', '01'),
('277', 'Chương Mỹ', 'Huyện', '20 52 46N, 105 39 01E', '01'),
('278', 'Thanh Oai', 'Huyện', '20 51 44N, 105 46 18E', '01'),
('279', 'Thường Tín', 'Huyện', '20 49 59N, 105 22 19E', '01'),
('280', 'Phú Xuyên', 'Huyện', '20 43 37N, 105 53 43E', '01'),
('281', 'Ứng Hòa', 'Huyện', '20 42 41N, 105 47 58E', '01'),
('282', 'Mỹ Đức', 'Huyện', '20 41 53N, 105 43 31E', '01'),
('288', 'Hải Dương', 'Thành Phố', '20 56 14N, 106 18 21E', '30'),
('290', 'Chí Linh', 'Huyện', '21 07 47N, 106 23 46E', '30'),
('291', 'Nam Sách', 'Huyện', '21 00 15N, 106 20 26E', '30'),
('292', 'Kinh Môn', 'Huyện', '21 00 04N, 106 30 23E', '30'),
('293', 'Kim Thành', 'Huyện', '20 55 40N, 106 30 33E', '30'),
('294', 'Thanh Hà', 'Huyện', '20 53 19N, 106 25 43E', '30'),
('295', 'Cẩm Giàng', 'Huyện', '20 57 05N, 106 12 29E', '30'),
('296', 'Bình Giang', 'Huyện', '20 52 36N, 106 11 24E', '30'),
('297', 'Gia Lộc', 'Huyện', '20 51 01N, 106 17 34E', '30'),
('298', 'Tứ Kỳ', 'Huyện', '20 49 05N, 106 24 05E', '30'),
('299', 'Ninh Giang', 'Huyện', '20 45 13N, 106 20 09E', '30'),
('300', 'Thanh Miện', 'Huyện', '20 46 02N, 106 12 26E', '30'),
('303', 'Hồng Bàng', 'Quận', '20 52 37N, 106 38 32E', '31'),
('304', 'Ngô Quyền', 'Quận', '20 51 13N, 106 41 57E', '31'),
('305', 'Lê Chân', 'Quận', '20 50 12N, 106 40 30E', '31'),
('306', 'Hải An', 'Quận', '20 49 38N, 106 45 57E', '31'),
('307', 'Kiến An', 'Quận', '20 48 26N, 106 38 03E', '31'),
('308', 'Đồ Sơn', 'Quận', '20 42 41N, 106 44 54E', '31'),
('309', 'Kinh Dương', 'Quận', '', '31'),
('311', 'Thuỷ Nguyên', 'Huyện', '20 56 36N, 106 39 38E', '31'),
('312', 'An Dương', 'Huyện', '20 53 06N, 106 35 36E', '31'),
('313', 'An Lão', 'Huyện', '20 47 54N, 106 33 19E', '31'),
('314', 'Kiến Thụy', 'Huyện', '20 45 13N, 106 41 47E', '31'),
('315', 'Tiên Lãng', 'Huyện', '20 42 23N, 106 36 03E', '31'),
('316', 'Vĩnh Bảo', 'Huyện', '20 40 56N, 106 29 57E', '31'),
('317', 'Cát Hải', 'Huyện', '20 47 09N, 106 58 07E', '31'),
('318', 'Bạch Long Vĩ', 'Huyện', '20 08 41N, 107 42 51E', '31'),
('323', 'Hưng Yên', 'Thành Phố', '20 39 38N, 106 03 08E', '33'),
('325', 'Văn Lâm', 'Huyện', '20 58 31N, 106 02 51E', '33'),
('326', 'Văn Giang', 'Huyện', '20 55 51N, 105 57 14E', '33'),
('327', 'Yên Mỹ', 'Huyện', '20 53 45N, 106 01 21E', '33'),
('328', 'Mỹ Hào', 'Huyện', '20 55 35N, 106 05 34E', '33'),
('329', 'Ân Thi', 'Huyện', '20 48 49N, 106 05 30E', '33'),
('330', 'Khoái Châu', 'Huyện', '20 49 53N, 105 58 28E', '33'),
('331', 'Kim Động', 'Huyện', '20 44 47N, 106 01 47E', '33'),
('332', 'Tiên Lữ', 'Huyện', '20 40 05N, 106 07 59E', '33'),
('333', 'Phù Cừ', 'Huyện', '20 42 51N, 106 11 30E', '33'),
('336', 'Thái Bình', 'Thành Phố', '20 26 45N, 106 19 56E', '34'),
('338', 'Quỳnh Phụ', 'Huyện', '20 38 57N, 106 21 16E', '34'),
('339', 'Hưng Hà', 'Huyện', '20 35 38N, 106 12 42E', '34'),
('340', 'Đông Hưng', 'Huyện', '20 32 50N, 106 20 15E', '34'),
('341', 'Thái Thụy', 'Huyện', '20 32 33N, 106 32 32E', '34'),
('342', 'Tiền Hải', 'Huyện', '20 21 05N, 106 32 45E', '34'),
('343', 'Kiến Xương', 'Huyện', '20 23 52N, 106 25 22E', '34'),
('344', 'Vũ Thư', 'Huyện', '20 25 29N, 106 16 43E', '34'),
('347', 'Phủ Lý', 'Thành Phố', '20 32 19N, 105 54 55E', '35'),
('349', 'Duy Tiên', 'Huyện', '20 37 33N, 105 58 01E', '35'),
('350', 'Kim Bảng', 'Huyện', '20 34 19N, 105 50 41E', '35'),
('351', 'Thanh Liêm', 'Huyện', '20 27 31N, 105 55 09E', '35'),
('352', 'Bình Lục', 'Huyện', '20 29 23N, 106 02 52E', '35'),
('353', 'Lý Nhân', 'Huyện', '20 32 55N, 106 04 48E', '35'),
('356', 'Nam Định', 'Thành Phố', '20 25 07N, 106 09 54E', '36'),
('358', 'Mỹ Lộc', 'Huyện', '20 27 21N, 106 07 56E', '36'),
('359', 'Vụ Bản', 'Huyện', '20 22 57N, 106 05 35E', '36'),
('360', 'Ý Yên', 'Huyện', '20 19 48N, 106 01 55E', '36'),
('361', 'Nghĩa Hưng', 'Huyện', '20 05 37N, 106 08 59E', '36'),
('362', 'Nam Trực', 'Huyện', '20 20 08N, 106 12 54E', '36'),
('363', 'Trực Ninh', 'Huyện', '20 14 42N, 106 12 45E', '36'),
('364', 'Xuân Trường', 'Huyện', '20 17 53N, 106 21 43E', '36'),
('365', 'Giao Thủy', 'Huyện', '20 14 45N, 106 28 39E', '36'),
('366', 'Hải Hậu', 'Huyện', '20 06 26N, 106 16 29E', '36'),
('369', 'Ninh Bình', 'Thành Phố', '20 14 45N, 105 58 24E', '37'),
('370', 'Tam Điệp', 'Thị Xã', '20 09 42N, 103 52 43E', '37'),
('372', 'Nho Quan', 'Huyện', '20 18 46N, 105 42 48E', '37'),
('373', 'Gia Viễn', 'Huyện', '20 19 50N, 105 52 20E', '37'),
('374', 'Hoa Lư', 'Huyện', '20 15 04N, 105 55 52E', '37'),
('375', 'Yên Khánh', 'Huyện', '20 11 26N, 106 04 33E', '37'),
('376', 'Kim Sơn', 'Huyện', '20 02 07N, 106 05 27E', '37'),
('377', 'Yên Mô', 'Huyện', '20 07 45N, 105 59 45E', '37'),
('380', 'Thanh Hóa', 'Thành Phố', '19 48 26N, 105 47 37E', '38'),
('381', 'Bỉm Sơn', 'Thị Xã', '20 05 21N, 105 51 48E', '38'),
('382', 'Sầm Sơn', 'Thị Xã', '19 45 11N, 105 54 03E', '38'),
('384', 'Mường Lát', 'Huyện', '20 30 42N, 104 37 27E', '38'),
('385', 'Quan Hóa', 'Huyện', '20 29 15N, 104 56 35E', '38'),
('386', 'Bá Thước', 'Huyện', '20 22 48N, 105 14 50E', '38'),
('387', 'Quan Sơn', 'Huyện', '20 15 17N, 104 51 58E', '38'),
('388', 'Lang Chánh', 'Huyện', '20 08 58N, 105 07 40E', '38'),
('389', 'Ngọc Lặc', 'Huyện', '20 04 08N, 105 22 39E', '38'),
('390', 'Cẩm Thủy', 'Huyện', '20 12 20N, 105 27 22E', '38'),
('391', 'Thạch Thành', 'Huyện', '21 12 41N, 105 36 38E', '38'),
('392', 'Hà Trung', 'Huyện', '20 03 20N, 105 51 20E', '38'),
('393', 'Vĩnh Lộc', 'Huyện', '20 02 29N, 105 39 28E', '38'),
('394', 'Yên Định', 'Huyện', '20 00 31N, 105 37 44E', '38'),
('395', 'Thọ Xuân', 'Huyện', '19 55 39N, 105 29 14E', '38'),
('396', 'Thường Xuân', 'Huyện', '19 54 55N, 105 10 46E', '38'),
('397', 'Triệu Sơn', 'Huyện', '19 48 11N, 105 34 03E', '38'),
('398', 'Thiệu Hoá', 'Huyện', '19 53 56N, 105 40 57E', '38'),
('399', 'Hoằng Hóa', 'Huyện', '19 51 59N, 105 51 34E', '38'),
('400', 'Hậu Lộc', 'Huyện', '19 56 02N, 105 53 19E', '38'),
('401', 'Nga Sơn', 'Huyện', '20 00 16N, 105 59 26E', '38'),
('402', 'Như Xuân', 'Huyện', '19 5 55N, 105 20 22E', '38'),
('403', 'Như Thanh', 'Huyện', '19 35 19N, 105 33 09E', '38'),
('404', 'Nông Cống', 'Huyện', '19 36 58N, 105 40 54E', '38'),
('405', 'Đông Sơn', 'Huyện', '19 47 44N, 105 42 19E', '38'),
('406', 'Quảng Xương', 'Huyện', '19 40 53N, 105 48 01E', '38'),
('407', 'Tĩnh Gia', 'Huyện', '19 27 13N, 105 43 38E', '38'),
('412', 'Vinh', 'Thành Phố', '18 41 06N, 105 42 05E', '40'),
('413', 'Cửa Lò', 'Thị Xã', '18 47 26N, 105 43 31E', '40'),
('414', 'Thái Hoà', 'Thị Xã', '', '40'),
('415', 'Quế Phong', 'Huyện', '19 42 25N, 104 54 21E', '40'),
('416', 'Quỳ Châu', 'Huyện', '19 32 16N, 105 03 18E', '40'),
('417', 'Kỳ Sơn', 'Huyện', '19 24 36N, 104 09 45E', '40'),
('418', 'Tương Dương', 'Huyện', '19 19 15N, 104 35 41E', '40'),
('419', 'Nghĩa Đàn', 'Huyện', '19 21 19N, 105 26 33E', '40'),
('420', 'Quỳ Hợp', 'Huyện', '19 19 24N, 105 09 12E', '40'),
('421', 'Quỳnh Lưu', 'Huyện', '19 14 01N, 105 37 00E', '40'),
('422', 'Con Cuông', 'Huyện', '19 03 50N, 107 47 15E', '40'),
('423', 'Tân Kỳ', 'Huyện', '19 06 11N, 105 14 14E', '40'),
('424', 'Anh Sơn', 'Huyện', '18 58 04N, 105 04 30E', '40'),
('425', 'Diễn Châu', 'Huyện', '19 01 20N, 105 34 13E', '40'),
('426', 'Yên Thành', 'Huyện', '19 01 25N, 105 26 17E', '40'),
('427', 'Đô Lương', 'Huyện', '18 55 00N, 105 21 03E', '40'),
('428', 'Thanh Chương', 'Huyện', '18 44 11N, 105 12 59E', '40'),
('429', 'Nghi Lộc', 'Huyện', '18 47 41N, 105 31 30E', '40'),
('430', 'Nam Đàn', 'Huyện', '18 40 28N, 105 30 32E', '40'),
('431', 'Hưng Nguyên', 'Huyện', '18 41 13N, 105 37 41E', '40'),
('436', 'Hà Tĩnh', 'Thành Phố', '18 21 20N, 105 54 00E', '42'),
('437', 'Hồng Lĩnh', 'Thị Xã', '18 32 05N, 105 42 40E', '42'),
('439', 'Hương Sơn', 'Huyện', '18 26 47N, 105 19 36E', '42'),
('440', 'Đức Thọ', 'Huyện', '18 29 23N, 105 36 39E', '42'),
('441', 'Vũ Quang', 'Huyện', '18 19 30N, 105 26 38E', '42'),
('442', 'Nghi Xuân', 'Huyện', '18 38 46N, 105 46 17E', '42'),
('443', 'Can Lộc', 'Huyện', '18 26 39N, 105 46 13E', '42'),
('444', 'Hương Khê', 'Huyện', '18 11 36N, 105 41 24E', '42'),
('445', 'Thạch Hà', 'Huyện', '18 19 29N, 105 52 43E', '42'),
('446', 'Cẩm Xuyên', 'Huyện', '18 11 32N, 106 00 04E', '42'),
('447', 'Kỳ Anh', 'Huyện', '18 05 15N, 106 15 49E', '42'),
('448', 'Lộc Hà', 'Huyện', '', '42'),
('450', 'Đồng Hới', 'Thành Phố', '17 26 53N, 106 35 15E', '44'),
('452', 'Minh Hóa', 'Huyện', '17 44 03N, 105 51 45E', '44'),
('453', 'Tuyên Hóa', 'Huyện', '17 54 04N, 105 58 17E', '44'),
('454', 'Quảng Trạch', 'Huyện', '17 50 04N, 106 22 24E', '44'),
('455', 'Bố Trạch', 'Huyện', '17 29 13N, 106 06 54E', '44'),
('456', 'Quảng Ninh', 'Huyện', '17 15 15N, 106 32 31E', '44'),
('457', 'Lệ Thủy', 'Huyện', '17 07 35N, 106 41 47E', '44'),
('461', 'Đông Hà', 'Thành Phố', '16 48 12N, 107 05 12E', '45'),
('462', 'Quảng Trị', 'Thị Xã', '16 44 37N, 107 11 20E', '45'),
('464', 'Vĩnh Linh', 'Huyện', '17 01 35N, 106 53 49E', '45'),
('465', 'Hướng Hóa', 'Huyện', '16 42 19N, 106 40 14E', '45'),
('466', 'Gio Linh', 'Huyện', '16 54 49N, 106 56 16E', '45'),
('467', 'Đa Krông', 'Huyện', '16 33 58N, 106 55 49E', '45'),
('468', 'Cam Lộ', 'Huyện', '16 47 09N, 106 57 52E', '45'),
('469', 'Triệu Phong', 'Huyện', '16 46 32N, 107 09 12E', '45'),
('470', 'Hải Lăng', 'Huyện', '16 41 07N, 107 13 34E', '45'),
('471', 'Cồn Cỏ', 'Huyện', '19 09 39N, 107 19 58E', '45'),
('474', 'Huế', 'Thành Phố', '16 27 16N, 107 34 29E', '46'),
('476', 'Phong Điền', 'Huyện', '16 32 42N, 106 16 37E', '46'),
('477', 'Quảng Điền', 'Huyện', '16 35 21N, 107 29 31E', '46'),
('478', 'Phú Vang', 'Huyện', '16 27 20N, 107 42 28E', '46'),
('479', 'Hương Thủy', 'Huyện', '16 19 27N, 107 37 26E', '46'),
('480', 'Hương Trà', 'Huyện', '16 25 49N, 107 28 37E', '46'),
('481', 'A Lưới', 'Huyện', '16 13 59N, 107 16 12E', '46'),
('482', 'Phú Lộc', 'Huyện', '16 17 16N, 107 55 25E', '46'),
('483', 'Nam Đông', 'Huyện', '16 07 11N, 107 41 25E', '46'),
('490', 'Liên Chiểu', 'Quận', '16 07 26N, 108 07 04E', '48'),
('491', 'Thanh Khê', 'Quận', '16 03 28N, 108 11 00E', '48'),
('492', 'Hải Châu', 'Quận', '16 03 38N, 108 11 46E', '48'),
('493', 'Sơn Trà', 'Quận', '16 06 13N, 108 16 26E', '48'),
('494', 'Ngũ Hành Sơn', 'Quận', '16 00 30N, 108 15 09E', '48'),
('495', 'Cẩm Lệ', 'Quận', '', '48'),
('497', 'Hoà Vang', 'Huyện', '16 03 59N, 108 01 57E', '48'),
('498', 'Hoàng Sa', 'Huyện', '16 21 36N, 111 57 01E', '48'),
('502', 'Tam Kỳ', 'Thành Phố', '15 34 37N, 108 29 52E', '49'),
('503', 'Hội An', 'Thành Phố', '15 53 20N, 108 20 42E', '49'),
('504', 'Tây Giang', 'Huyện', '15 53 46N, 107 25 52E', '49'),
('505', 'Đông Giang', 'Huyện', '15 54 44N, 107 47 06E', '49'),
('506', 'Đại Lộc', 'Huyện', '15 50 10N, 107 58 27E', '49'),
('507', 'Điện Bàn', 'Huyện', '15 54 15N, 108 13 38E', '49'),
('508', 'Duy Xuyên', 'Huyện', '15 47 58N, 108 13 27E', '49'),
('509', 'Quế Sơn', 'Huyện', '15 41 03N, 108 05 34E', '49'),
('510', 'Nam Giang', 'Huyện', '15 36 37N, 107 33 52E', '49'),
('511', 'Phước Sơn', 'Huyện', '15 23 17N, 107 50 22E', '49'),
('512', 'Hiệp Đức', 'Huyện', '15 31 09N, 108 05 56E', '49'),
('513', 'Thăng Bình', 'Huyện', '15 42 29N, 108 22 04E', '49'),
('514', 'Tiên Phước', 'Huyện', '15 29 30N, 108 15 28E', '49'),
('515', 'Bắc Trà My', 'Huyện', '15 08 00N, 108 05 32E', '49'),
('516', 'Nam Trà My', 'Huyện', '15 16 40N, 108 12 15E', '49'),
('517', 'Núi Thành', 'Huyện', '15 26 53N, 108 34 49E', '49'),
('518', 'Phú Ninh', 'Huyện', '15 30 43N, 108 24 43E', '49'),
('519', 'Nông Sơn', 'Huyện', '', '49'),
('522', 'Quảng Ngãi', 'Thành Phố', '15 07 17N, 108 48 24E', '51'),
('524', 'Bình Sơn', 'Huyện', '15 18 45N, 108 45 35E', '51'),
('525', 'Trà Bồng', 'Huyện', '15 13 30N, 108 29 57E', '51'),
('526', 'Tây Trà', 'Huyện', '15 11 13N, 108 22 23E', '51'),
('527', 'Sơn Tịnh', 'Huyện', '15 11 49N, 108 45 03E', '51'),
('528', 'Tư Nghĩa', 'Huyện', '15 05 25N, 108 45 23E', '51'),
('529', 'Sơn Hà', 'Huyện', '14 58 35N, 108 29 09E', '51'),
('530', 'Sơn Tây', 'Huyện', '14 58 11N, 108 21 22E', '51'),
('531', 'Minh Long', 'Huyện', '14 56 49N, 108 40 19E', '51'),
('532', 'Nghĩa Hành', 'Huyện', '14 58 06N, 108 46 05E', '51'),
('533', 'Mộ Đức', 'Huyện', '11 59 13N, 108 52 21E', '51'),
('534', 'Đức Phổ', 'Huyện', '14 44 59N, 108 56 58E', '51'),
('535', 'Ba Tơ', 'Huyện', '14 42 52N, 108 43 44E', '51'),
('536', 'Lý Sơn', 'Huyện', '15 22 50N, 109 06 56E', '51'),
('540', 'Qui Nhơn', 'Thành Phố', '13 47 15N, 109 12 48E', '52'),
('542', 'An Lão', 'Huyện', '14 32 10N, 108 47 52E', '52'),
('543', 'Hoài Nhơn', 'Huyện', '14 30 56N, 109 01 56E', '52'),
('544', 'Hoài Ân', 'Huyện', '14 20 51N, 108 54 04E', '52'),
('545', 'Phù Mỹ', 'Huyện', '14 14 41N, 109 05 43E', '52'),
('546', 'Vĩnh Thạnh', 'Huyện', '14 14 26N, 108 44 08E', '52'),
('547', 'Tây Sơn', 'Huyện', '13 56 47N, 108 53 06E', '52'),
('548', 'Phù Cát', 'Huyện', '14 03 48N, 109 03 57E', '52'),
('549', 'An Nhơn', 'Huyện', '13 51 28N, 109 04 02E', '52'),
('550', 'Tuy Phước', 'Huyện', '13 46 30N, 109 05 38E', '52'),
('551', 'Vân Canh', 'Huyện', '13 40 35N, 108 57 52E', '52'),
('555', 'Tuy Hòa', 'Thành Phố', '13 05 42N, 109 15 50E', '54'),
('557', 'Sông Cầu', 'Thị Xã', '13 31 40N, 109 12 39E', '54'),
('558', 'Đồng Xuân', 'Huyện', '13 24 59N, 108 56 46E', '54'),
('559', 'Tuy An', 'Huyện', '13 15 19N, 109 12 21E', '54'),
('560', 'Sơn Hòa', 'Huyện', '13 12 16N, 108 57 17E', '54'),
('561', 'Sông Hinh', 'Huyện', '12 54 19N, 108 53 38E', '54'),
('562', 'Tây Hoà', 'Huyện', '', '54'),
('563', 'Phú Hoà', 'Huyện', '13 04 07N, 109 11 24E', '54'),
('564', 'Đông Hoà', 'Huyện', '', '54'),
('568', 'Nha Trang', 'Thành Phố', '12 15 40N, 109 10 40E', '56'),
('569', 'Cam Ranh', 'Thị Xã', '11 59 05N, 108 08 17E', '56'),
('570', 'Cam Lâm', 'Huyện', '', '56'),
('571', 'Vạn Ninh', 'Huyện', '12 43 10N, 109 11 18E', '56'),
('572', 'Ninh Hòa', 'Huyện', '12 32 54N, 109 06 11E', '56'),
('573', 'Khánh Vĩnh', 'Huyện', '12 17 50N, 108 51 56E', '56'),
('574', 'Diên Khánh', 'Huyện', '12 13 19N, 109 02 16E', '56'),
('575', 'Khánh Sơn', 'Huyện', '12 02 17N, 108 53 47E', '56'),
('576', 'Trường Sa', 'Huyện', '9 07 27N, 114 15 00E', '56'),
('582', 'Phan Rang-Tháp Chàm', 'Thành Phố', '11 36 11N, 108 58 34E', '58'),
('584', 'Bác Ái', 'Huyện', '11 54 45N, 108 51 29E', '58'),
('585', 'Ninh Sơn', 'Huyện', '11 42 36N, 108 44 55E', '58'),
('586', 'Ninh Hải', 'Huyện', '11 42 46N, 109 05 41E', '58'),
('587', 'Ninh Phước', 'Huyện', '11 28 56N, 108 50 34E', '58'),
('588', 'Thuận Bắc', 'Huyện', '', '58'),
('589', 'Thuận Nam', 'Huyện', '', '58'),
('593', 'Phan Thiết', 'Thành Phố', '10 54 16N, 108 03 44E', '60'),
('594', 'La Gi', 'Thị Xã', '', '60'),
('595', 'Tuy Phong', 'Huyện', '11 20 26N, 108 41 15E', '60'),
('596', 'Bắc Bình', 'Huyện', '11 15 52N, 108 21 33E', '60'),
('597', 'Hàm Thuận Bắc', 'Huyện', '11 09 18N, 108 03 07E', '60'),
('598', 'Hàm Thuận Nam', 'Huyện', '10 56 20N, 107 54 38E', '60'),
('599', 'Tánh Linh', 'Huyện', '11 08 26N, 107 41 22E', '60'),
('600', 'Đức Linh', 'Huyện', '11 11 43N, 107 31 34E', '60'),
('601', 'Hàm Tân', 'Huyện', '10 44 41N, 107 41 33E', '60'),
('602', 'Phú Quí', 'Huyện', '10 33 13N, 108 57 46E', '60'),
('608', 'Kon Tum', 'Thành Phố', '14 20 32N, 107 58 04E', '62'),
('610', 'Đắk Glei', 'Huyện', '15 08 13N, 107 44 03E', '62'),
('611', 'Ngọc Hồi', 'Huyện', '14 44 23N, 107 38 49E', '62'),
('612', 'Đắk Tô', 'Huyện', '14 46 49N, 107 55 36E', '62'),
('613', 'Kon Plông', 'Huyện', '14 48 13N, 108 20 05E', '62'),
('614', 'Kon Rẫy', 'Huyện', '14 32 56N, 108 13 09E', '62'),
('615', 'Đắk Hà', 'Huyện', '14 36 50N, 107 59 55E', '62'),
('616', 'Sa Thầy', 'Huyện', '14 16 02N, 107 36 30E', '62'),
('617', 'Tu Mơ Rông', 'Huyện', '', '62'),
('622', 'Pleiku', 'Thành Phố', '13 57 42N, 107 58 03E', '64'),
('623', 'An Khê', 'Thị Xã', '14 01 24N, 108 41 29E', '64'),
('624', 'Ayun Pa', 'Thị Xã', '', '64'),
('625', 'Kbang', 'Huyện', '14 18 08N, 108 29 17E', '64'),
('626', 'Đăk Đoa', 'Huyện', '14 07 02N, 108 09 36E', '64'),
('627', 'Chư Păh', 'Huyện', '14 13 30N, 107 56 33E', '64'),
('628', 'Ia Grai', 'Huyện', '13 59 25N, 107 43 16E', '64'),
('629', 'Mang Yang', 'Huyện', '13 57 26N, 108 18 37E', '64'),
('630', 'Kông Chro', 'Huyện', '13 45 47N, 108 36 04E', '64'),
('631', 'Đức Cơ', 'Huyện', '13 46 16N, 107 38 26E', '64'),
('632', 'Chư Prông', 'Huyện', '13 35 39N, 107 47 36E', '64'),
('633', 'Chư Sê', 'Huyện', '13 37 04N, 108 06 56E', '64'),
('634', 'Đăk Pơ', 'Huyện', '13 55 47N, 108 36 16E', '64'),
('635', 'Ia Pa', 'Huyện', '13 31 37N, 108 30 34E', '64'),
('637', 'Krông Pa', 'Huyện', '13 14 13N, 108 39 12E', '64'),
('638', 'Phú Thiện', 'Huyện', '', '64'),
('639', 'Chư Pưh', 'Huyện', '', '64'),
('643', 'Buôn Ma Thuột', 'Thành Phố', '12 39 43N, 108 10 40E', '66'),
('644', 'Buôn Hồ', 'Thị Xã', '', '66'),
('645', 'Ea H\'leo', 'Huyện', '13 13 52N, 108 12 30E', '66'),
('646', 'Ea Súp', 'Huyện', '13 10 59N, 107 46 49E', '66'),
('647', 'Buôn Đôn', 'Huyện', '12 52 45N, 107 45 20E', '66'),
('648', 'Cư M\'gar', 'Huyện', '12 53 47N, 108 04 16E', '66'),
('649', 'Krông Búk', 'Huyện', '12 56 27N, 108 13 54E', '66'),
('650', 'Krông Năng', 'Huyện', '12 59 41N, 108 23 42E', '66'),
('651', 'Ea Kar', 'Huyện', '12 48 17N, 108 32 42E', '66'),
('652', 'M\'đrắk', 'Huyện', '12 42 14N, 108 47 09E', '66'),
('653', 'Krông Bông', 'Huyện', '12 27 08N, 108 27 01E', '66'),
('654', 'Krông Pắc', 'Huyện', '12 41 20N, 108 18 42E', '66'),
('655', 'Krông A Na', 'Huyện', '12 31 51N, 108 05 03E', '66'),
('656', 'Lắk', 'Huyện', '12 19 20N, 108 12 17E', '66'),
('657', 'Cư Kuin', 'Huyện', '', '66'),
('660', 'Gia Nghĩa', 'Thị Xã', '', '67'),
('661', 'Đắk Glong', 'Huyện', '12 01 53N, 107 50 37E', '67'),
('662', 'Cư Jút', 'Huyện', '12 40 56N, 107 44 44E', '67'),
('663', 'Đắk Mil', 'Huyện', '12 31 08N, 107 42 24E', '67'),
('664', 'Krông Nô', 'Huyện', '12 22 16N, 107 53 49E', '67'),
('665', 'Đắk Song', 'Huyện', '12 14 04N, 107 36 30E', '67'),
('666', 'Đắk R\'lấp', 'Huyện', '12 02 30N, 107 25 59E', '67'),
('667', 'Tuy Đức', 'Huyện', '', '67'),
('672', 'Đà Lạt', 'Thành Phố', '11 54 33N, 108 27 08E', '68'),
('673', 'Bảo Lộc', 'Thị Xã', '11 32 48N, 107 47 37E', '68'),
('674', 'Đam Rông', 'Huyện', '12 02 35N, 108 10 26E', '68'),
('675', 'Lạc Dương', 'Huyện', '12 08 30N, 108 27 48E', '68'),
('676', 'Lâm Hà', 'Huyện', '11 55 26N, 108 11 31E', '68'),
('677', 'Đơn Dương', 'Huyện', '11 48 26N, 108 32 48E', '68'),
('678', 'Đức Trọng', 'Huyện', '11 41 50N, 108 18 58E', '68'),
('679', 'Di Linh', 'Huyện', '11 31 10N, 108 05 23E', '68'),
('680', 'Bảo Lâm', 'Huyện', '11 38 31N, 107 43 25E', '68'),
('681', 'Đạ Huoai', 'Huyện', '11 27 11N, 107 38 08E', '68'),
('682', 'Đạ Tẻh', 'Huyện', '11 33 46N, 107 32 00E', '68'),
('683', 'Cát Tiên', 'Huyện', '11 39 38N, 107 23 27E', '68'),
('688', 'Phước Long', 'Thị Xã', '', '70'),
('689', 'Đồng Xoài', 'Thị Xã', '11 31 01N, 106 50 21E', '70'),
('690', 'Bình Long', 'Thị Xã', '', '70'),
('691', 'Bù Gia Mập', 'Huyện', '11 56 57N, 106 59 21E', '70'),
('692', 'Lộc Ninh', 'Huyện', '11 49 28N, 106 35 11E', '70'),
('693', 'Bù Đốp', 'Huyện', '11 59 08N, 106 49 54E', '70'),
('694', 'Hớn Quản', 'Huyện', '11 37 37N, 106 36 02E', '70'),
('695', 'Đồng Phù', 'Huyện', '11 28 45N, 106 57 07E', '70'),
('696', 'Bù Đăng', 'Huyện', '11 46 09N, 107 14 14E', '70'),
('697', 'Chơn Thành', 'Huyện', '11 28 45N, 106 39 26E', '70'),
('703', 'Tây Ninh', 'Thị Xã', '11 21 59N, 106 07 47E', '72'),
('705', 'Tân Biên', 'Huyện', '11 35 14N, 105 57 53E', '72'),
('706', 'Tân Châu', 'Huyện', '11 34 49N, 106 17 48E', '72'),
('707', 'Dương Minh Châu', 'Huyện', '11 22 04N, 106 16 58E', '72'),
('708', 'Châu Thành', 'Huyện', '11 19 02N, 106 00 15E', '72'),
('709', 'Hòa Thành', 'Huyện', '11 15 31N, 106 08 44E', '72'),
('710', 'Gò Dầu', 'Huyện', '11 09 39N, 106 14 42E', '72'),
('711', 'Bến Cầu', 'Huyện', '11 07 50N, 106 08 25E', '72'),
('712', 'Trảng Bàng', 'Huyện', '11 06 18N, 106 23 12E', '72'),
('718', 'Thủ Dầu Một', 'Thị Xã', '11 00 01N, 106 38 56E', '74'),
('720', 'Dầu Tiếng', 'Huyện', '11 19 07N, 106 26 59E', '74'),
('721', 'Bến Cát', 'Huyện', '11 12 42N, 106 36 28E', '74'),
('722', 'Phú Giáo', 'Huyện', '11 20 21N, 106 47 48E', '74'),
('723', 'Tân Uyên', 'Huyện', '11 06 31N, 106 49 02E', '74'),
('724', 'Dĩ An', 'Huyện', '10 55 03N, 106 47 09E', '74'),
('725', 'Thuận An', 'Huyện', '10 55 58N, 106 41 59E', '74'),
('731', 'Biên Hòa', 'Thành Phố', '10 56 31N, 106 50 50E', '75'),
('732', 'Long Khánh', 'Thị Xã', '10 56 24N, 107 14 29E', '75'),
('734', 'Tân Phú', 'Huyện', '11 22 51N, 107 21 35E', '75'),
('735', 'Vĩnh Cửu', 'Huyện', '11 14 31N, 107 00 06E', '75'),
('736', 'Định Quán', 'Huyện', '11 12 41N, 107 17 03E', '75'),
('737', 'Trảng Bom', 'Huyện', '10 58 39N, 107 00 52E', '75'),
('738', 'Thống Nhất', 'Huyện', '10 58 29N, 107 09 26E', '75'),
('739', 'Cẩm Mỹ', 'Huyện', '10 47 05N, 107 14 36E', '75'),
('740', 'Long Thành', 'Huyện', '10 47 38N, 106 59 42E', '75'),
('741', 'Xuân Lộc', 'Huyện', '10 55 39N, 107 24 21E', '75'),
('742', 'Nhơn Trạch', 'Huyện', '10 39 18N, 106 53 18E', '75'),
('747', 'Vũng Tầu', 'Thành Phố', '10 24 08N, 107 07 05E', '77'),
('748', 'Bà Rịa', 'Thị Xã', '10 30 33N, 107 10 47E', '77'),
('750', 'Châu Đức', 'Huyện', '10 39 23N, 107 15 08E', '77'),
('751', 'Xuyên Mộc', 'Huyện', '10 37 46N, 107 29 39E', '77'),
('752', 'Long Điền', 'Huyện', '10 26 47N, 107 12 53E', '77'),
('753', 'Đất Đỏ', 'Huyện', '10 28 40N, 107 18 27E', '77'),
('754', 'Tân Thành', 'Huyện', '10 34 50N, 107 05 06E', '77'),
('755', 'Côn Đảo', 'Huyện', '8 42 25N, 106 36 05E', '77'),
('760', '1', 'Quận', '10 46 34N, 106 41 45E', '79'),
('761', '12', 'Quận', '10 51 43N, 106 39 32E', '79'),
('762', 'Thủ Đức', 'Quận', '10 51 20N, 106 45 05E', '79'),
('763', '9', 'Quận', '10 49 49N, 106 49 03E', '79'),
('764', 'Gò Vấp', 'Quận', '10 50 12N, 106 39 52E', '79'),
('765', 'Bình Thạnh', 'Quận', '10 48 46N, 106 42 57E', '79'),
('766', 'Tân Bình', 'Quận', '10 48 13N, 106 39 03E', '79'),
('767', 'Tân Phú', 'Quận', '10 47 32N, 106 37 31E', '79'),
('768', 'Phú Nhuận', 'Quận', '10 48 06N, 106 40 39E', '79'),
('769', '2', 'Quận', '10 46 51N, 106 45 25E', '79'),
('770', '3', 'Quận', '10 46 48N, 106 40 46E', '79'),
('771', '10', 'Quận', '10 46 25N, 106 40 02E', '79'),
('772', '11', 'Quận', '10 46 01N, 106 38 44E', '79'),
('773', '4', 'Quận', '10 45 42N, 106 42 09E', '79'),
('774', '5', 'Quận', '10 45 24N, 106 40 00E', '79'),
('775', '6', 'Quận', '10 44 46N, 106 38 10E', '79'),
('776', '8', 'Quận', '10 43 24N, 106 37 40E', '79'),
('777', 'Bình Tân', 'Quận', '10 46 16N, 106 35 26E', '79'),
('778', '7', 'Quận', '10 44 19N, 106 43 35E', '79'),
('783', 'Củ Chi', 'Huyện', '11 02 17N, 106 30 20E', '79'),
('784', 'Hóc Môn', 'Huyện', '10 52 42N, 106 35 33E', '79'),
('785', 'Bình Chánh', 'Huyện', '10 45 01N, 106 30 45E', '79'),
('786', 'Nhà Bè', 'Huyện', '10 39 06N, 106 43 35E', '79'),
('787', 'Cần Giờ', 'Huyện', '10 30 43N, 106 52 50E', '79'),
('794', 'Tân An', 'Thành Phố', '10 31 36N, 106 24 06E', '80'),
('796', 'Tân Hưng', 'Huyện', '10 49 05N, 105 39 26E', '80'),
('797', 'Vĩnh Hưng', 'Huyện', '10 52 54N, 105 45 58E', '80'),
('798', 'Mộc Hóa', 'Huyện', '10 47 09N, 105 57 56E', '80'),
('799', 'Tân Thạnh', 'Huyện', '10 37 44N, 105 57 07E', '80'),
('800', 'Thạnh Hóa', 'Huyện', '10 41 37N, 106 11 08E', '80'),
('801', 'Đức Huệ', 'Huyện', '10 51 57N, 106 15 48E', '80'),
('802', 'Đức Hòa', 'Huyện', '10 53 04N, 106 23 58E', '80'),
('803', 'Bến Lức', 'Huyện', '10 41 40N, 106 26 28E', '80'),
('804', 'Thủ Thừa', 'Huyện', '10 39 41N, 106 20 12E', '80'),
('805', 'Tân Trụ', 'Huyện', '10 31 47N, 106 30 06E', '80'),
('806', 'Cần Đước', 'Huyện', '10 32 21N, 106 36 33E', '80'),
('807', 'Cần Giuộc', 'Huyện', '10 34 43N, 106 38 35E', '80'),
('808', 'Châu Thành', 'Huyện', '10 27 52N, 106 30 00E', '80'),
('815', 'Mỹ Tho', 'Thành Phố', '10 22 14N, 106 21 52E', '82'),
('816', 'Gò Công', 'Thị Xã', '10 21 55N, 106 40 24E', '82'),
('818', 'Tân Phước', 'Huyện', '10 30 36N, 106 13 02E', '82'),
('819', 'Cái Bè', 'Huyện', '10 24 21N, 105 56 01E', '82'),
('820', 'Cai Lậy', 'Huyện', '10 24 20N, 106 06 05E', '82'),
('821', 'Châu Thành', 'Huyện', '20 25 21N, 106 16 57E', '82'),
('822', 'Chợ Gạo', 'Huyện', '10 23 45N, 106 26 53E', '82'),
('823', 'Gò Công Tây', 'Huyện', '10 19 55N, 106 35 02E', '82'),
('824', 'Gò Công Đông', 'Huyện', '10 20 42N, 106 42 54E', '82'),
('825', 'Tân Phú Đông', 'Huyện', '', '82'),
('829', 'Bến Tre', 'Thành Phố', '10 14 17N, 106 22 26E', '83'),
('831', 'Châu Thành', 'Huyện', '10 17 24N, 106 17 45E', '83'),
('832', 'Chợ Lách', 'Huyện', '10 13 26N, 106 09 08E', '83'),
('833', 'Mỏ Cày Nam', 'Huyện', '10 06 56N, 106 19 40E', '83'),
('834', 'Giồng Trôm', 'Huyện', '10 08 46N, 106 28 12E', '83'),
('835', 'Bình Đại', 'Huyện', '10 09 56N, 106 37 46E', '83'),
('836', 'Ba Tri', 'Huyện', '10 04 08N, 106 35 10E', '83'),
('837', 'Thạnh Phú', 'Huyện', '9 55 53N, 106 32 45E', '83'),
('838', 'Mỏ Cày Bắc', 'Huyện', '', '83'),
('842', 'Trà Vinh', 'Thị Xã', '9 57 09N, 106 20 39E', '84'),
('844', 'Càng Long', 'Huyện', '9 58 18N, 106 12 52E', '84'),
('845', 'Cầu Kè', 'Huyện', '9 51 23N, 106 03 33E', '84'),
('846', 'Tiểu Cần', 'Huyện', '9 48 37N, 106 12 06E', '84'),
('847', 'Châu Thành', 'Huyện', '9 52 57N, 106 24 12E', '84'),
('848', 'Cầu Ngang', 'Huyện', '9 47 14N, 106 29 19E', '84'),
('849', 'Trà Cú', 'Huyện', '9 42 06N, 106 16 24E', '84'),
('850', 'Duyên Hải', 'Huyện', '9 39 58N, 106 26 23E', '84'),
('855', 'Vĩnh Long', 'Thành Phố', '10 15 09N, 105 56 08E', '86'),
('857', 'Long Hồ', 'Huyện', '10 13 58N, 105 55 47E', '86'),
('858', 'Mang Thít', 'Huyện', '10 10 58N, 106 05 13E', '86'),
('859', 'Vũng Liêm', 'Huyện', '10 03 32N, 106 10 35E', '86'),
('860', 'Tam Bình', 'Huyện', '10 03 58N, 105 58 03E', '86'),
('861', 'Bình Minh', 'Huyện', '10 05 45N, 105 47 21E', '86'),
('862', 'Trà Ôn', 'Huyện', '9 59 20N, 105 57 56E', '86'),
('863', 'Bình Tân', 'Huyện', '', '86'),
('866', 'Cao Lãnh', 'Thành Phố', '10 27 38N, 105 37 21E', '87'),
('867', 'Sa Đéc', 'Thị Xã', '10 19 22N, 105 44 31E', '87'),
('868', 'Hồng Ngự', 'Thị Xã', '', '87'),
('869', 'Tân Hồng', 'Huyện', '10 52 48N, 105 29 21E', '87'),
('870', 'Hồng Ngự', 'Huyện', '10 48 13N, 105 19 00E', '87'),
('871', 'Tam Nông', 'Huyện', '10 44 06N, 105 30 58E', '87'),
('872', 'Tháp Mười', 'Huyện', '10 33 36N, 105 47 13E', '87'),
('873', 'Cao Lãnh', 'Huyện', '10 29 03N, 105 41 40E', '87'),
('874', 'Thanh Bình', 'Huyện', '10 36 38N, 105 28 51E', '87'),
('875', 'Lấp Vò', 'Huyện', '10 21 27N, 105 36 06E', '87'),
('876', 'Lai Vung', 'Huyện', '10 14 43N, 105 38 40E', '87'),
('877', 'Châu Thành', 'Huyện', '10 13 27N, 105 48 38E', '87'),
('883', 'Long Xuyên', 'Thành Phố', '10 22 22N, 105 25 33E', '89'),
('884', 'Châu Đốc', 'Thị Xã', '10 41 20N, 105 05 15E', '89'),
('886', 'An Phú', 'Huyện', '10 50 12N, 105 05 33E', '89'),
('887', 'Tân Châu', 'Thị Xã', '10 49 11N, 105 11 18E', '89'),
('888', 'Phú Tân', 'Huyện', '10 40 26N, 105 14 40E', '89'),
('889', 'Châu Phú', 'Huyện', '10 34 12N, 105 12 13E', '89'),
('890', 'Tịnh Biên', 'Huyện', '10 33 30N, 105 00 17E', '89'),
('891', 'Tri Tôn', 'Huyện', '10 24 41N, 104 56 58E', '89'),
('892', 'Châu Thành', 'Huyện', '10 25 39N, 105 15 31E', '89'),
('893', 'Chợ Mới', 'Huyện', '10 27 23N, 105 26 57E', '89'),
('894', 'Thoại Sơn', 'Huyện', '10 16 45N, 105 15 59E', '89'),
('899', 'Rạch Giá', 'Thành Phố', '10 01 35N, 105 06 20E', '91'),
('900', 'Hà Tiên', 'Thị Xã', '10 22 54N, 104 30 10E', '91'),
('902', 'Kiên Lương', 'Huyện', '10 20 21N, 104 39 46E', '91'),
('903', 'Hòn Đất', 'Huyện', '10 14 20N, 104 55 57E', '91'),
('904', 'Tân Hiệp', 'Huyện', '10 05 18N, 105 14 04E', '91'),
('905', 'Châu Thành', 'Huyện', '9 57 37N, 105 10 16E', '91'),
('906', 'Giồng Giềng', 'Huyện', '9 56 05N, 105 22 06E', '91'),
('907', 'Gò Quao', 'Huyện', '9 43 17N, 105 17 06E', '91'),
('908', 'An Biên', 'Huyện', '9 48 37N, 105 03 18E', '91'),
('909', 'An Minh', 'Huyện', '9 40 24N, 104 59 05E', '91'),
('910', 'Vĩnh Thuận', 'Huyện', '9 33 25N, 105 11 30E', '91'),
('911', 'Phú Quốc', 'Huyện', '10 13 44N, 103 57 25E', '91'),
('912', 'Kiên Hải', 'Huyện', '9 48 31N, 104 37 48E', '91'),
('913', 'U Minh Thượng', 'Huyện', '', '91'),
('914', 'Giang Thành', 'Huyện', '', '91'),
('916', 'Ninh Kiều', 'Quận', '10 01 58N, 105 45 34E', '92'),
('917', 'Ô Môn', 'Quận', '10 07 28N, 105 37 51E', '92'),
('918', 'Bình Thuỷ', 'Quận', '10 03 42N, 105 43 17E', '92'),
('919', 'Cái Răng', 'Quận', '9 59 57N, 105 46 56E', '92'),
('923', 'Thốt Nốt', 'Quận', '10 14 23N, 105 32 02E', '92'),
('924', 'Vĩnh Thạnh', 'Huyện', '10 11 35N, 105 22 45E', '92'),
('925', 'Cờ Đỏ', 'Huyện', '10 02 48N, 105 29 46E', '92'),
('926', 'Phong Điền', 'Huyện', '9 59 57N, 105 39 35E', '92'),
('927', 'Thới Lai', 'Huyện', '', '92'),
('930', 'Vị Thanh', 'Thị Xã', '9 45 15N, 105 24 50E', '93'),
('931', 'Ngã Bảy', 'Thị Xã', '', '93'),
('932', 'Châu Thành A', 'Huyện', '9 55 50N, 105 38 31E', '93'),
('933', 'Châu Thành', 'Huyện', '9 55 22N, 105 48 37E', '93'),
('934', 'Phụng Hiệp', 'Huyện', '9 47 20N, 105 43 29E', '93'),
('935', 'Vị Thuỷ', 'Huyện', '9 48 05N, 105 32 13E', '93'),
('936', 'Long Mỹ', 'Huyện', '9 40 47N, 105 30 53E', '93'),
('941', 'Sóc Trăng', 'Thành Phố', '9 36 39N, 105 59 00E', '94'),
('942', 'Châu Thành', 'Huyện', '', '94'),
('943', 'Kế Sách', 'Huyện', '9 49 30N, 105 57 25E', '94'),
('944', 'Mỹ Tú', 'Huyện', '9 38 21N, 105 49 52E', '94'),
('945', 'Cù Lao Dung', 'Huyện', '9 37 36N, 106 12 13E', '94'),
('946', 'Long Phú', 'Huyện', '9 34 38N, 106 06 07E', '94'),
('947', 'Mỹ Xuyên', 'Huyện', '9 28 16N, 105 55 51E', '94'),
('948', 'Ngã Năm', 'Huyện', '9 31 38N, 105 37 22E', '94'),
('949', 'Thạnh Trị', 'Huyện', '9 28 05N, 105 43 02E', '94'),
('950', 'Vĩnh Châu', 'Huyện', '9 20 50N, 105 59 58E', '94'),
('951', 'Trần Đề', 'Huyện', '', '94'),
('954', 'Bạc Liêu', 'Thị Xã', '9 16 05N, 105 45 08E', '95'),
('956', 'Hồng Dân', 'Huyện', '9 30 37N, 105 24 25E', '95'),
('957', 'Phước Long', 'Huyện', '9 23 13N, 105 24 41E', '95'),
('958', 'Vĩnh Lợi', 'Huyện', '9 16 51N, 105 40 54E', '95'),
('959', 'Giá Rai', 'Huyện', '9 15 51N, 105 23 18E', '95'),
('960', 'Đông Hải', 'Huyện', '9 08 11N, 105 24 42E', '95'),
('961', 'Hoà Bình', 'Huyện', '', '95'),
('964', 'Cà Mau', 'Thành Phố', '9 10 33N, 105 11 11E', '96'),
('966', 'U Minh', 'Huyện', '9 22 30N, 104 57 00E', '96'),
('967', 'Thới Bình', 'Huyện', '9 22 50N, 105 07 35E', '96'),
('968', 'Trần Văn Thời', 'Huyện', '9 07 36N, 104 57 27E', '96'),
('969', 'Cái Nước', 'Huyện', '9 00 31N, 105 03 23E', '96'),
('970', 'Đầm Dơi', 'Huyện', '8 57 48N, 105 13 56E', '96'),
('971', 'Năm Căn', 'Huyện', '8 46 59N, 104 58 20E', '96'),
('972', 'Phú Tân', 'Huyện', '8 52 47N, 104 53 35E', '96'),
('973', 'Ngọc Hiển', 'Huyện', '8 40 47N, 104 57 58E', '96');

-- --------------------------------------------------------

--
-- Cấu trúc bảng cho bảng `migrations`
--

CREATE TABLE `migrations` (
  `id` int(10) UNSIGNED NOT NULL,
  `migration` varchar(255) COLLATE utf8mb4_unicode_ci NOT NULL,
  `batch` int(11) NOT NULL
) ENGINE=InnoDB DEFAULT CHARSET=utf8mb4 COLLATE=utf8mb4_unicode_ci;

--
-- Đang đổ dữ liệu cho bảng `migrations`
--

INSERT INTO `migrations` (`id`, `migration`, `batch`) VALUES
(1, '2019_12_14_000001_create_personal_access_tokens_table', 1),
(4, '2022_10_25_005322_create_productcategory', 2);

-- --------------------------------------------------------

--
-- Cấu trúc bảng cho bảng `personal_access_tokens`
--

CREATE TABLE `personal_access_tokens` (
  `id` bigint(20) UNSIGNED NOT NULL,
  `tokenable_type` varchar(255) COLLATE utf8mb4_unicode_ci NOT NULL,
  `tokenable_id` bigint(20) UNSIGNED NOT NULL,
  `name` varchar(255) COLLATE utf8mb4_unicode_ci NOT NULL,
  `token` varchar(64) COLLATE utf8mb4_unicode_ci NOT NULL,
  `abilities` text COLLATE utf8mb4_unicode_ci DEFAULT NULL,
  `last_used_at` timestamp NULL DEFAULT NULL,
  `created_at` timestamp NULL DEFAULT NULL,
  `updated_at` timestamp NULL DEFAULT NULL
) ENGINE=InnoDB DEFAULT CHARSET=utf8mb4 COLLATE=utf8mb4_unicode_ci;

-- --------------------------------------------------------

--
-- Cấu trúc bảng cho bảng `product`
--

CREATE TABLE `product` (
  `pID` int(11) NOT NULL,
  `pName` varchar(100) NOT NULL,
  `pDescription` varchar(255) NOT NULL,
  `pImage1` char(100) NOT NULL,
  `pImage2` char(100) NOT NULL,
  `pPrice` double(16,2) NOT NULL,
  `pQuantity` int(11) NOT NULL,
  `cID` int(11) NOT NULL,
  `update_at` timestamp NULL DEFAULT NULL,
  `create_at` timestamp NOT NULL DEFAULT current_timestamp()
) ENGINE=InnoDB DEFAULT CHARSET=utf8mb4;

-- --------------------------------------------------------

--
-- Cấu trúc bảng cho bảng `province`
--

CREATE TABLE `province` (
  `provinceid` varchar(5) NOT NULL,
  `name` varchar(100) NOT NULL,
  `type` varchar(30) NOT NULL
) ENGINE=InnoDB DEFAULT CHARSET=utf8;

--
-- Đang đổ dữ liệu cho bảng `province`
--

INSERT INTO `province` (`provinceid`, `name`, `type`) VALUES
('01', 'Hà Nội', 'Thành Phố'),
('02', 'Hà Giang', 'Tỉnh'),
('04', 'Cao Bằng', 'Tỉnh'),
('06', 'Bắc Kạn', 'Tỉnh'),
('08', 'Tuyên Quang', 'Tỉnh'),
('10', 'Lào Cai', 'Tỉnh'),
('11', 'Điện Biên', 'Tỉnh'),
('12', 'Lai Châu', 'Tỉnh'),
('14', 'Sơn La', 'Tỉnh'),
('15', 'Yên Bái', 'Tỉnh'),
('17', 'Hòa Bình', 'Tỉnh'),
('19', 'Thái Nguyên', 'Tỉnh'),
('20', 'Lạng Sơn', 'Tỉnh'),
('22', 'Quảng Ninh', 'Tỉnh'),
('24', 'Bắc Giang', 'Tỉnh'),
('25', 'Phú Thọ', 'Tỉnh'),
('26', 'Vĩnh Phúc', 'Tỉnh'),
('27', 'Bắc Ninh', 'Tỉnh'),
('30', 'Hải Dương', 'Tỉnh'),
('31', 'Hải Phòng', 'Thành Phố'),
('33', 'Hưng Yên', 'Tỉnh'),
('34', 'Thái Bình', 'Tỉnh'),
('35', 'Hà Nam', 'Tỉnh'),
('36', 'Nam Định', 'Tỉnh'),
('37', 'Ninh Bình', 'Tỉnh'),
('38', 'Thanh Hóa', 'Tỉnh'),
('40', 'Nghệ An', 'Tỉnh'),
('42', 'Hà Tĩnh', 'Tỉnh'),
('44', 'Quảng Bình', 'Tỉnh'),
('45', 'Quảng Trị', 'Tỉnh'),
('46', 'Thừa Thiên Huế', 'Tỉnh'),
('48', 'Đà Nẵng', 'Thành Phố'),
('49', 'Quảng Nam', 'Tỉnh'),
('51', 'Quảng Ngãi', 'Tỉnh'),
('52', 'Bình Định', 'Tỉnh'),
('54', 'Phú Yên', 'Tỉnh'),
('56', 'Khánh Hòa', 'Tỉnh'),
('58', 'Ninh Thuận', 'Tỉnh'),
('60', 'Bình Thuận', 'Tỉnh'),
('62', 'Kon Tum', 'Tỉnh'),
('64', 'Gia Lai', 'Tỉnh'),
('66', 'Đắk Lắk', 'Tỉnh'),
('67', 'Đắk Nông', 'Tỉnh'),
('68', 'Lâm Đồng', 'Tỉnh'),
('70', 'Bình Phước', 'Tỉnh'),
('72', 'Tây Ninh', 'Tỉnh'),
('74', 'Bình Dương', 'Tỉnh'),
('75', 'Đồng Nai', 'Tỉnh'),
('77', 'Bà Rịa - Vũng Tàu', 'Tỉnh'),
('79', 'Hồ Chí Minh', 'Thành Phố'),
('80', 'Long An', 'Tỉnh'),
('82', 'Tiền Giang', 'Tỉnh'),
('83', 'Bến Tre', 'Tỉnh'),
('84', 'Trà Vinh', 'Tỉnh'),
('86', 'Vĩnh Long', 'Tỉnh'),
('87', 'Đồng Tháp', 'Tỉnh'),
('89', 'An Giang', 'Tỉnh'),
('91', 'Kiên Giang', 'Tỉnh'),
('92', 'Cần Thơ', 'Thành Phố'),
('93', 'Hậu Giang', 'Tỉnh'),
('94', 'Sóc Trăng', 'Tỉnh'),
('95', 'Bạc Liêu', 'Tỉnh'),
('96', 'Cà Mau', 'Tỉnh');

-- --------------------------------------------------------

--
-- Cấu trúc bảng cho bảng `receipt`
--

CREATE TABLE `receipt` (
  `rID` int(11) NOT NULL,
  `uID` int(11) NOT NULL,
  `rTotalPrice` int(11) NOT NULL,
  `update_at` timestamp NOT NULL DEFAULT current_timestamp() ON UPDATE current_timestamp(),
  `create_at` timestamp NULL DEFAULT current_timestamp()
) ENGINE=InnoDB DEFAULT CHARSET=utf8mb4;

-- --------------------------------------------------------

--
-- Cấu trúc bảng cho bảng `roles`
--

CREATE TABLE `roles` (
  `roleId` int(11) NOT NULL,
  `roleName` varchar(50) NOT NULL
) ENGINE=InnoDB DEFAULT CHARSET=utf8mb4;

-- --------------------------------------------------------

--
-- Cấu trúc bảng cho bảng `users`
--

CREATE TABLE `users` (
  `uID` int(11) NOT NULL,
  `uName` varchar(100) NOT NULL,
  `uUsername` varchar(100) NOT NULL,
  `uPassword` varchar(100) NOT NULL,
  `uEmail` varchar(100) NOT NULL,
  `uImage` char(100) DEFAULT NULL,
  `uPhoneNumber` double(12,0) UNSIGNED ZEROFILL NOT NULL DEFAULT 000000000000,
  `addressid` int(11) NOT NULL,
  `roleId` int(11) NOT NULL
) ENGINE=InnoDB DEFAULT CHARSET=utf8mb4;

-- --------------------------------------------------------

--
-- Cấu trúc bảng cho bảng `ward`
--

CREATE TABLE `ward` (
  `wardid` varchar(5) NOT NULL,
  `name` varchar(100) NOT NULL,
  `type` varchar(30) NOT NULL,
  `location` varchar(30) NOT NULL,
  `districtid` varchar(5) NOT NULL
) ENGINE=InnoDB DEFAULT CHARSET=utf8;

--
-- Đang đổ dữ liệu cho bảng `ward`
--

INSERT INTO `ward` (`wardid`, `name`, `type`, `location`, `districtid`) VALUES
('00001', 'Phúc Xá', 'Phường', '21 02 52N, 105 50 52E', '001'),
('00004', 'Trúc Bạch', 'Phường', '21 02 50N, 105 50 21E', '001'),
('00006', 'Vĩnh Phúc', 'Phường', '21 02 37N, 105 48 28E', '001'),
('00007', 'Cống Vị', 'Phường', '21 02 08N, 105 48 28E', '001'),
('00008', 'Liễu Giai', 'Phường', '21 02 21N, 105 48 56E', '001'),
('00010', 'Nguyễn Trung Trực', 'Phường', '21 02 36N, 105 50 43E', '001'),
('00013', 'Quán Thánh', 'Phường', '21 02 26N, 105 50 23E', '001'),
('00016', 'Ngọc Hà', 'Phường', '21 02 24N, 105 49 23E', '001'),
('00019', 'Điện Biên', 'Phường', '21 02 04N, 105 50 07E', '001'),
('00022', 'Đội Cấn', 'Phường', '21 02 10N, 105 49 31E', '001'),
('00025', 'Ngọc Khánh', 'Phường', '21 01 52N, 105 48 27E', '001'),
('00028', 'Kim Mã', 'Phường', '21 01 53N, 105 49 20E', '001'),
('00031', 'Giảng Võ', 'Phường', '21 01 42N, 105 48 58E', '001'),
('00034', 'Thành Công', 'Phường', '21 01 17N, 105 48 50E', '001'),
('00037', 'Phúc Tân', 'Phường', '21 02 17N, 105 51018E', '002'),
('00040', 'Đồng Xuân', 'Phường', '21 02 22N, 105 50 54E', '002'),
('00043', 'Hàng Mã', 'Phường', '21 02 17N, 105 50 42E', '002'),
('00046', 'Hàng Buồm', 'Phường', '21 02 11N, 105 51 02E', '002'),
('00049', 'Hàng Đào', 'Phường', '21 02 07N, 105 50 54E', '002'),
('00052', 'Hàng Bồ', 'Phường', '21 02 09N, 105 50 46E', '002'),
('00055', 'Cửa Đông', 'Phường', '21 02 00N, 105 50 37E', '002'),
('00058', 'Lý Thái Tổ', 'Phường', '21 01 56N, 105 51 11E', '002'),
('00061', 'Hàng Bạc', 'Phường', '21 02 01N, 105 51 03E', '002'),
('00064', 'Hàng Gai', 'Phường', '21 01 59N, 105 50 48E', '002'),
('00067', 'Chương Dương Độ', 'Phường', '21 01 38N, 105 51 37E', '002'),
('00070', 'Hàng Trống', 'Phường', '21 01 47N, 105 50 55E', '002'),
('00073', 'Cửa Nam', 'Phường', '21 01 34N, 105 50 27E', '002'),
('00076', 'Hàng Bông', 'Phường', '21 01 46N, 105 50 37E', '002'),
('00079', 'Tràng Tiền', 'Phường', '21 01 34N, 105 51 10E', '002'),
('00082', 'Trần Hưng Đạo', 'Phường', '21 01 26N, 105 50 41E', '002'),
('00085', 'Phan Chu Trinh', 'Phường', '21 01 21N, 105 51 20E', '002'),
('00088', 'Hàng Bài', 'Phường', '21 01 20N, 105 51 00E', '002'),
('00091', 'Phú Thượng', 'Phường', '21 05 08N, 105 48 24E', '003'),
('00094', 'Nhật Tân', 'Phường', '21 04 42N, 105 49 22E', '003'),
('00097', 'Tứ Liên', 'Phường', '21 04 07N, 105 50 09E', '003'),
('00100', 'Quảng An', 'Phường', '21 03 42N, 105 49 24E', '003'),
('00103', 'Xuân La', 'Phường', '21 03 41N, 105 48 12E', '003'),
('00106', 'Yên Phụ', 'Phường', '21 03 17N, 105 50 17E', '003'),
('00109', 'Bưởi', 'Phường', '21 03 17N, 105 48 40E', '003'),
('00112', 'Thuỵ Khuê', 'Phường', '21 02 46N, 105 49 23E', '003'),
('00115', 'Thượng Thanh', 'Phường', '21 04 01N, 105 52 50E', '004'),
('00118', 'Ngọc Thuỵ', 'Phường', '21 03 48N, 105 51 24E', '004'),
('00121', 'Giang Biên', 'Phường', '21 04 02N, 105 55 04E', '004'),
('00124', 'Đức Giang', 'Phường', '21 03 58N, 105 53 46E', '004'),
('00127', 'Việt Hưng', 'Phường', '21 03 17N, 105 54 05E', '004'),
('00130', 'Gia Thuỵ', 'Phường', '21 03 06N, 105 53 16E', '004'),
('00133', 'Ngọc Lâm', 'Phường', '21 02 52N, 105 52 26E', '004'),
('00136', 'Phúc Lợi', 'Phường', '21 02 31N, 105 55 25E', '004'),
('00139', 'Bồ Đề', 'Phường', '21 02 09N, 105 52 10E', '004'),
('00142', 'Sài Đồng', 'Phường', '21 02 05N, 105 54 38E', '004'),
('00145', 'Long Biên', 'Phường', '21 01 09N, 105 53 10E', '004'),
('00148', 'Thạch Bàn', 'Phường', '21 01 20N, 105 55 00E', '004'),
('00151', 'Phúc Đồng', 'Phường', '21 02 27N, 105 53 38E', '004'),
('00154', 'Cự Khối', 'Phường', '21 00 24N, 105 53 59E', '004'),
('00157', 'Nghĩa Đô', 'Phường', '21 03 00N, 105 47 58E', '005'),
('00160', 'Nghĩa Tân', 'Phường', '21 02 53N, 105 47 09E', '005'),
('00163', 'Mai Dịch', 'Phường', '21 02 09N, 105 46 23E', '005'),
('00166', 'Dịch Vọng', 'Phường', '21 02 06N, 105 47 28E', '005'),
('00167', 'Dịch Vọng Hậu', 'Phường', '21 02 10N, 105 47 00E', '005'),
('00169', 'Quan Hoa', 'Phường', '21 02 10N, 105 47 56E', '005'),
('00172', 'Yên Hoà', 'Phường', '21 01 24N, 105 47 28E', '005'),
('00175', 'Trung Hoà', 'Phường', '21 00 37N, 105 47 56E', '005'),
('00178', 'Cát Linh', 'Phường', '21 01 43N, 105 49 33E', '006'),
('00181', 'Văn Miếu', 'Phường', '21 01 38N, 105 50 10E', '006'),
('00184', 'Quốc Tử Giám', 'Phường', '21 01 38N, 105 49 49E', '006'),
('00187', 'Láng Thượng', 'Phường', '21 01 24N, 105 48 10E', '006'),
('00190', 'Ô Chợ Dừa', 'Phường', '21 01 20N, 105 49 18E', '006'),
('00193', 'Văn Chương', 'Phường', '21 01 28N, 105 50 02E', '006'),
('00196', 'Hàng Bột', 'Phường', '21 01 24N, 105 49 43E', '006'),
('00199', 'Láng Hạ', 'Phường', '21 01 03N, 105 48 36E', '006'),
('00202', 'Khâm Thiên', 'Phường', '21 01 14N, 105 50 12E', '006'),
('00205', 'Thổ Quan', 'Phường', '21 01 08N, 105 49 53E', '006'),
('00208', 'Nam Đồng', 'Phường', '21 00 55N, 105 49 43E', '006'),
('00211', 'Trung Phụng', 'Phường', '21 01 02N, 105 50 11E', '006'),
('00214', 'Quang Trung', 'Phường', '21 00 46N, 105 49 24E', '006'),
('00217', 'Trung Liệt', 'Phường', '21 00 42N, 105 49 15E', '006'),
('00220', 'Phương Liên', 'Phường', '21 00 45N, 105 50 07E', '006'),
('00223', 'Thịnh Quang', 'Phường', '21 00 35N, 105 48 57E', '006'),
('00226', 'Trung Tự', 'Phường', '21 00 26N, 105 49 50E', '006'),
('00229', 'Kim Liên', 'Phường', '21 00 27N, 105 50 00E', '006'),
('00232', 'Phương Mai', 'Phường', '21 00 14N, 105 50 10E', '006'),
('00235', 'Ngã Tư Sở', 'Phường', '21 00 22N, 105 48 54E', '006'),
('00238', 'Khương Thượng', 'Phường', '21 00 11N, 105 49 36E', '006'),
('00241', 'Nguyễn Du', 'Phường', '21 01 10N, 105 50 36E', '007'),
('00244', 'Bạch Đằng', 'Phường', '21 00 57N, 105 51 49E', '007'),
('00247', 'Phạm Đình Hổ', 'Phường', '21 00 58N, 105 51 21E', '007'),
('00250', 'Bùi Thị Xuân', 'Phường', '21 00 58N, 105 50 54E', '007'),
('00253', 'Ngô Thì Nhậm', 'Phường', '21 01 01N, 105 51 05E', '007'),
('00256', 'Lê Đại Hành', 'Phường', '21 00 48N, 105 50 40E', '007'),
('00259', 'Đồng Nhân', 'Phường', '21 00 46N, 105 51 17E', '007'),
('00262', 'Phố Huế', 'Phường', '21 00 44N, 105 51 06E', '007'),
('00265', 'Đống Mác', 'Phường', '21 00 44N, 105 51 27E', '007'),
('00268', 'Thanh Lương', 'Phường', '21 00 26N, 105 52 11E', '007'),
('00271', 'Thanh Nhàn', 'Phường', '21 00 25N, 105 51 15E', '007'),
('00274', 'Cầu Dền', 'Phường', '21 00 25N, 105 50 53E', '007'),
('00277', 'Bách Khoa', 'Phường', '21 00 18N, 105 50 38E', '007'),
('00280', 'Đồng Tâm', 'Phường', '20 59 56N, 105 50 34E', '007'),
('00283', 'Vĩnh Tuy', 'Phường', '20 59 57N, 105 52 05E', '007'),
('00286', 'Bạch Mai', 'Phường', '21 00 04N, 105 51 00E', '007'),
('00289', 'Quỳnh Mai', 'Phường', '21 00 06N, 105 51 28E', '007'),
('00292', 'Quỳnh Lôi', 'Phường', '21 00 04N, 105 51 16E', '007'),
('00295', 'Minh Khai', 'Phường', '20 59 49N, 105 51 16E', '007'),
('00298', 'Trương Định', 'Phường', '20 59 47N, 105 50 47E', '007'),
('00301', 'Thanh Trì', 'Phường', '20 59 43N, 105 53 23E', '008'),
('00304', 'Vĩnh Hưng', 'Phường', '20 59 18N, 105 52 25E', '008'),
('00307', 'Định Công', 'Phường', '20 59 02N, 105 49 37E', '008'),
('00310', 'Mai Động', 'Phường', '20 59 32N, 105 51 47E', '008'),
('00313', 'Tương Mai', 'Phường', '20 59 18N, 105 50 51E', '008'),
('00316', 'Đại Kim', 'Phường', '20 58 33N, 105 49 18E', '008'),
('00319', 'Tân Mai', 'Phường', '20 59 01N, 105 50 51E', '008'),
('00322', 'Hoàng Văn Thụ', 'Phường', '20 59 14N, 105 51 30E', '008'),
('00325', 'Giáp Bát', 'Phường', '20 59 05N, 105 50 28E', '008'),
('00328', 'Lĩnh Nam', 'Phường', '20 58 37N, 105 53 48E', '008'),
('00331', 'Thịnh Liệt', 'Phường', '20 58 31N, 105 50 50E', '008'),
('00334', 'Trần Phú', 'Phường', '20 58 10N, 105 52 55E', '008'),
('00337', 'Hoàng Liệt', 'Phường', '20 57 47N, 105 50 07E', '008'),
('00340', 'Yên Sở', 'Phường', '20 57 56N, 105 52 14E', '008'),
('00343', 'Nhân Chính', 'Phường', '21 00 11N, 105 48 07E', '009'),
('00346', 'Thượng Đình', 'Phường', '21 00 01N, 105 48 51E', '009'),
('00349', 'Khương Trung', 'Phường', '20 59 54N, 105 49 10E', '009'),
('00352', 'Khương Mai', 'Phường', '20 59 43N, 105 49 39E', '009'),
('00355', 'Thanh Xuân Trung', 'Phường', '20 59 48N, 105 48 14E', '009'),
('00358', 'Phương Liệt', 'Phường', '20 59 31N, 105 50 09E', '009'),
('00361', 'Hạ Đình', 'Phường', '20 59 28N, 105 48 10E', '009'),
('00364', 'Khương Đình', 'Phường', '20 59 21N, 105 49 05E', '009'),
('00367', 'Thanh Xuân Bắc', 'Phường', '20 59 40N, 105 47 49E', '009'),
('00370', 'Thanh Xuân Nam', 'Phường', '20 59 18N, 105 47 47E', '009'),
('00373', 'Kim Giang', 'Phường', '20 59 00N, 105 48 41E', '009'),
('00376', 'Sóc Sơn', 'Thị Trấn', '21 15 28N, 105 51 12E', '016'),
('00379', 'Bắc Sơn', 'Xã', '21 21 42N, 105 49 12E', '016'),
('00382', 'Minh Trí', 'Xã', '21 18 09N, 105 45 51E', '016'),
('00385', 'Hồng Kỳ', 'Xã', '21 18 55N, 105 50 49E', '016'),
('00388', 'Nam Sơn', 'Xã', '21 18 36N, 105 48 51E', '016'),
('00391', 'Trung Giã', 'Xã', '21 18 44N, 105 52 43E', '016'),
('00394', 'Tân Hưng', 'Xã', '21 17 55N, 105 54 14E', '016'),
('00397', 'Minh Phú', 'Xã', '21 16 58N, 105 46 27E', '016'),
('00400', 'Phù Linh', 'Xã', '21 16 49N, 105 50 30E', '016'),
('00403', 'Bắc Phú', 'Xã', '21 16 46N, 105 53 59E', '016'),
('00406', 'Tân Minh', 'Xã', '21 16 08N, 105 52 09E', '016'),
('00409', 'Quang Tiến', 'Xã', '21 15 08N, 105 48 54E', '016'),
('00412', 'Hiền Ninh', 'Xã', '21 15 33N, 105 47 19E', '016'),
('00415', 'Tân Dân', 'Xã', '21 15 25N, 105 43 53E', '016'),
('00418', 'Tiên Dược', 'Xã', '21 14 57N, 105 50 41E', '016'),
('00421', 'Việt Long', 'Xã', '21 15 09N, 105 55 10E', '016'),
('00424', 'Xuân Giang', 'Xã', '21 14 44N, 105 53 55E', '016'),
('00427', 'Mai Đình', 'Xã', '21 13 33N, 105 49 45E', '016'),
('00430', 'Đức Hoà', 'Xã', '21 13 50N, 105 52 57E', '016'),
('00433', 'Thanh Xuân', 'Xã', '21 13 31N, 105 45 15E', '016'),
('00436', 'Đông Xuân', 'Xã', '21 12 59N, 105 51 56E', '016'),
('00439', 'Kim Lũ', 'Xã', '21 12 39N, 105 54 19E', '016'),
('00442', 'Phú Cường', 'Xã', '21 12 21N, 105 47 12E', '016'),
('00445', 'Phú Minh', 'Xã', '21 12 11N, 105 49 07E', '016'),
('00448', 'Phù Lỗ', 'Xã', '21 12 11N, 105 51 04E', '016'),
('00451', 'Xuân Thu', 'Xã', '21 11 51N, 105 53 23E', '016'),
('00454', 'Đông Anh', 'Thị Trấn', '21 09 05N, 105 50 39E', '017'),
('00457', 'Xuân Nộn', 'Xã', '21 10 58N, 105 52 05E', '017'),
('00460', 'Thuỵ Lâm', 'Xã', '21 10 38N, 105 53 49E', '017'),
('00463', 'Bắc Hồng', 'Xã', '21 10 39N, 105 48 11E', '017'),
('00466', 'Nguyên Khê', 'Xã', '21 10 36N, 105 50 05E', '017'),
('00469', 'Nam Hồng', 'Xã', '21 09 48N, 105 47 09E', '017'),
('00472', 'Tiên Dương', 'Xã', '21 08 54N, 105 49 49E', '017'),
('00475', 'Vân Hà', 'Xã', '21 09 03N, 105 54 45E', '017'),
('00478', 'Uy Nỗ', 'Xã', '21 08 41N, 105 51 26E', '017'),
('00481', 'Vân Nội', 'Xã', '21 08 46N, 105 48 38E', '017'),
('00484', 'Liên Hà', 'Xã', '21 08 46N, 105 53 37E', '017'),
('00487', 'Việt Hùng', 'Xã', '21 08 27N, 105 52 38E', '017'),
('00490', 'Kim Nỗ', 'Xã', '21 08 14N, 105 47 43E', '017'),
('00493', 'Kim Chung', 'Xã', '21 08 03N, 105 46 27E', '017'),
('00496', 'Dục Tú', 'Xã', '21 06 53N, 105 53 53E', '017'),
('00499', 'Đại Mạch', 'Xã', '21 07 08N, 105 44 53E', '017'),
('00502', 'Vĩnh Ngọc', 'Xã', '21 06 42N, 105 49 27E', '017'),
('00505', 'Cổ Loa', 'Xã', '21 06 49N, 105 51 45E', '017'),
('00508', 'Hải Bối', 'Xã', '21 06 34N, 105 47 48E', '017'),
('00511', 'Xuân Canh', 'Xã', '21 05 47N, 105 50 59E', '017'),
('00514', 'Võng La', 'Xã', '21 06 33N, 105 46 06E', '017'),
('00517', 'Tầm Xá', 'Xã', '21 05 57N, 105 49 59E', '017'),
('00520', 'Mai Lâm', 'Xã', '21 05 27N, 105 53 14E', '017'),
('00523', 'Đông Hội', 'Xã', '21 05 12N, 105 52 02E', '017'),
('00526', 'Yên Viên', 'Thị Trấn', '21 05 10N, 105 54 46E', '018'),
('00529', 'Yên Thường', 'Xã', '21 06 18N, 105 54 59E', '018'),
('00532', 'Yên Viên', 'Xã', '21 05 24N, 105 54 32E', '018'),
('00535', 'Ninh Hiệp', 'Xã', '21 04 47N, 105 57 02E', '018'),
('00538', 'Đình Xuyên', 'Xã', '21 04 40N, 105 55 57E', '018'),
('00541', 'Dương Hà', 'Xã', '21 03 53N, 105 55 51E', '018'),
('00544', 'Phù Đổng', 'Xã', '21 03 25N, 105 57 46E', '018'),
('00547', 'Trung Mầu', 'Xã', '21 03 40N, 105 59 10E', '018'),
('00550', 'Lệ Chi', 'Xã', '21 02 59N, 106 00 10E', '018'),
('00553', 'Cổ Bi', 'Xã', '21 01 59N, 105 56 17E', '018'),
('00556', 'Đặng Xá', 'Xã', '21 01 59N, 105 57 46E', '018'),
('00559', 'Phú Thị', 'Xã', '21 01 35N, 105 57 57E', '018'),
('00562', 'Kim Sơn', 'Xã', '21 01 41N, 105 59 28E', '018'),
('00565', 'Trâu Quỳ', 'Thị Trấn', '21 00 35N, 105 56 12E', '018'),
('00568', 'Dương Quang', 'Xã', '21 00 29N, 105 59 18E', '018'),
('00571', 'Dương Xá', 'Xã', '21 00 09N, 105 57 43E', '018'),
('00574', 'Đông Dư', 'Xã', '20 59 46N, 105 54 45E', '018'),
('00577', 'Đa Tốn', 'Xã', '20 59 08N, 105 56 03E', '018'),
('00580', 'Kiêu Kỵ', 'Xã', '20 58 48N, 105 56 55E', '018'),
('00583', 'Bát Tràng', 'Xã', '20 58 49N, 105 54 51E', '018'),
('00586', 'Kim Lan', 'Xã', '20 57 45N, 105 54 05E', '018'),
('00589', 'Văn Đức', 'Xã', '20 56 30N, 105 53 44E', '018'),
('00592', 'Cầu Diễn', 'Thị Trấn', '21 02 26N, 105 45 45E', '019'),
('00595', 'Thượng Cát', 'Xã', '21 05 44N, 105 44 03E', '019'),
('00598', 'Liên Mạc', 'Xã', '21 05 18N, 105 15 42E', '019'),
('00601', 'Đông Ngạc', 'Xã', '21 05 08N, 105 46 54E', '019'),
('00604', 'Thuỵ Phương', 'Xã', '21 05 03N, 105 46 04E', '019'),
('00607', 'Tây Tựu', 'Xã', '21 04 14N, 105 43 55E', '019'),
('00610', 'Xuân Đỉnh', 'Xã', '21 04 06N, 105 47 24E', '019'),
('00613', 'Minh Khai', 'Xã', '21 03 39N, 105 44 41E', '019'),
('00616', 'Cổ Nhuế', 'Xã', '21 03 37N, 105 46 24E', '019'),
('00619', 'Phú Diễn', 'Xã', '21 03 00N, 105 45 22E', '019'),
('00622', 'Xuân Phương', 'Xã', '21 02 26N, 105 44 28E', '019'),
('00625', 'Mỹ Đình', 'Xã', '21 01 44N, 105 46 02E', '019'),
('00628', 'Tây Mỗ', 'Xã', '21 00 33N, 105 44 29E', '019'),
('00631', 'Mễ Trì', 'Xã', '20 00 26N, 105 46 17E', '019'),
('00634', 'Đại Mỗ', 'Xã', '20 59 54N, 105 45 06E', '019'),
('00637', 'Trung Văn', 'Xã', '20 59 38N, 105 46 47E', '019'),
('00640', 'Văn Điển', 'Thị Trấn', '20 56 58N, 105 50 36E', '020'),
('00643', 'Tân Triều', 'Xã', '20 58 27N, 105 47 51E', '020'),
('00646', 'Thanh Liệt', 'Xã', '20 57 47N, 105 48 40E', '020'),
('00649', 'Tả Thanh Oai', 'Xã', '20 56 09N, 105 48 11E', '020'),
('00652', 'Hữu Hoà', 'Xã', '20 56 49N, 105 47 46E', '020'),
('00655', 'Tam Hiệp', 'Xã', '20 57 04N, 105 49 41E', '020'),
('00658', 'Tứ Hiệp', 'Xã', '20 56 49N, 105 51 11E', '020'),
('00661', 'Yên Mỹ', 'Xã', '20 56 35N, 105 52 25E', '020'),
('00664', 'Vĩnh Quỳnh', 'Xã', '20 55 58N, 105 49 43E', '020'),
('00667', 'Ngũ Hiệp', 'Xã', '20 55 43N, 105 51 30E', '020'),
('00670', 'Duyên Hà', 'Xã', '20 55 32N, 105 52 36E', '020'),
('00673', 'Ngọc Hồi', 'Xã', '20 55 11N, 105 50 31E', '020'),
('00676', 'Vạn Phúc', 'Xã', '20 55 06N, 105 53 47E', '020'),
('00679', 'Đại Áng', 'Xã', '20 54 42N, 105 49 06E', '020'),
('00682', 'Liên Ninh', 'Xã', '20 54 35N, 105 51 07E', '020'),
('00685', 'Đông Mỹ', 'Xã', '20 54 58N, 105 52 34E', '020'),
('00688', 'Quang Trung', 'Phường', '22 50 54N, 104 59 01E', '024'),
('00691', 'Trần Phú', 'Phường', '22 50 04N, 104 59 28E', '024'),
('00692', 'Ngọc Hà', 'Phường', '', '024'),
('00694', 'Nguyễn Trãi', 'Phường', '22 49 05N, 104 58 21E', '024'),
('00697', 'Minh Khai', 'Phường', '22 50 31N, 105 02 00E', '024'),
('00700', 'Ngọc Đường', 'Xã', '22 50 31N, 105 02 00E', '024'),
('00703', 'Kim Thạch', 'Xã', '22 47 34N, 105 02 34E', '030'),
('00706', 'Phú Linh', 'Xã', '22 44 14N, 105 01 00E', '030'),
('00709', 'Kim Linh', 'Xã', '22 44 51N, 105 05 17E', '030'),
('00712', 'Phó Bảng', 'Thị Trấn', '23 15 14N, 105 11 14E', '026'),
('00715', 'Lũng Cú', 'Xã', '23 21 30N, 105 18 48E', '026'),
('00718', 'Má Lé', 'Xã', '23 18 52N, 105 18 34E', '026'),
('00721', 'Đồng Văn', 'Thị Trấn', '23 17 23N, 105 21 29E', '026'),
('00724', 'Lũng Táo', 'Xã', '23 17 00N, 105 16 15E', '026'),
('00727', 'Phố Là', 'Xã', '23 15 56N, 105 09 42E', '026'),
('00730', 'Thài Phìn Tủng', 'Xã', '23 15 44N, 105 17 56E', '026'),
('00733', 'Sủng Là', 'Xã', '23 14 42N, 105 12 48E', '026'),
('00736', 'Xà Phìn', 'Xã', '23 15 29N, 105 14 55E', '026'),
('00739', 'Tả Phìn', 'Xã', '23 14 15N, 105 18 53E', '026'),
('00742', 'Tả Lủng', 'Xã', '23 14 01N, 105 21 02E', '026'),
('00745', 'Phố Cáo', 'Xã', '23 12 51N, 105 10 11E', '026'),
('00748', 'Sính Lủng', 'Xã', '23 12 53N, 105 16 43E', '026'),
('00751', 'Sảng Tủng', 'Xã', '23 12 24N, 105 14 11E', '026'),
('00754', 'Lũng Thầu', 'Xã', '23 11 18N, 105 10 05E', '026'),
('00757', 'Hố Quáng Phìn', 'Xã', '23 10 21N, 105 16 06E', '026'),
('00760', 'Vần Chải', 'Xã', '23 08 51N, 105 12 21E', '026'),
('00763', 'Lũng Phìn', 'Xã', '23 07 45N, 105 16 33E', '026'),
('00766', 'Sủng Trái', 'Xã', '23 07 25N, 105 14 56E', '026'),
('00769', 'Mèo Vạc', 'Thị Trấn', '23 09 09N, 105 24 21E', '027'),
('00772', 'Thượng Phùng', 'Xã', '23 16 44N, 105 25 49E', '027'),
('00775', 'Pải Lủng', 'Xã', '23 14 32N, 105 23 25E', '027'),
('00778', 'Xín Cái', 'Xã', '23 12 52N, 105 27 27E', '027'),
('00781', 'Pả Vi', 'Xã', '23 12 20N, 105 23 55E', '027'),
('00784', 'Giàng Chu Phìn', 'Xã', '23 11 45N, 105 27 13E', '027'),
('00787', 'Sủng Trà', 'Xã', '23 10 18N, 105 21 09E', '027'),
('00790', 'Sủng Máng', 'Xã', '23 09 22N, 105 20 42E', '027'),
('00793', 'Sơn Vĩ', 'Xã', '23 09 21N, 105 32 26E', '027'),
('00796', 'Tả Lủng', 'Xã', '23 09 14N, 105 23 10E', '027'),
('00799', 'Cán Chu Phìn', 'Xã', '23 08 24N, 105 28 03E', '027'),
('00802', 'Lũng Pù', 'Xã', '23 07 29N, 105 29 51E', '027'),
('00805', 'Lũng Chinh', 'Xã', '23 08 15N, 105 19 39E', '027'),
('00808', 'Tát Ngà', 'Xã', '23 06 06N, 105 25 08E', '027'),
('00811', 'Nậm Ban', 'Xã', '23 04 49N, 105 21 28E', '027'),
('00814', 'Khâu Vai', 'Xã', '23 03 54N, 105 29 03E', '027'),
('00815', 'Niêm Tòng', 'Xã', '', '027'),
('00817', 'Niêm Sơn', 'Xã', '23 01 52N, 105 25 34E', '027'),
('00820', 'Yên Minh', 'Thị Trấn', '23 06 58N, 105 08 25E', '028'),
('00823', 'Thắng Mố', 'Xã', '23 13 59N, 105 05 35E', '028'),
('00826', 'Phú Lũng', 'Xã', '23 14 27N, 105 04 04E', '028'),
('00829', 'Sủng Tráng', 'Xã', '23 12 29N, 105 06 44E', '028'),
('00832', 'Bạch Đích', 'Xã', '23 12 22N, 105 02 44E', '028'),
('00835', 'Na Khê', 'Xã', '23 10 13N, 105 01 55E', '028'),
('00838', 'Sủng Thài', 'Xã', '23 10 12N, 105 08 28E', '028'),
('00841', 'Hữu Vinh', 'Xã', '23 08 47N, 105 10 31E', '028'),
('00844', 'Lao Và Chải', 'Xã', '23 06 44N, 105 05 17E', '028'),
('00847', 'Mậu Duệ', 'Xã', '23 03 57N, 105 13 25E', '028'),
('00850', 'Đông Minh', 'Xã', '23 05 25N, 105 10 07E', '028'),
('00853', 'Mậu Long', 'Xã', '23 04 21N, 105 17 35E', '028'),
('00856', 'Ngam La', 'Xã', '23 02 46N, 105 10 23E', '028'),
('00859', 'Ngọc Long', 'Xã', '22 59 21N, 105 19 24E', '028'),
('00862', 'Đường Thượng', 'Xã', '22 59 20N, 105 10 23E', '028'),
('00865', 'Lũng Hồ', 'Xã', '22 59 01N, 105 14 21E', '028'),
('00868', 'Du Tiến', 'Xã', '22 55 18N, 105 17 24E', '028'),
('00871', 'Du Già', 'Xã', '22 55 28N, 105 12 01E', '028'),
('00874', 'Tam Sơn', 'Thị Trấn', '23 04 16N, 104 58 13E', '029'),
('00877', 'Bát Đại Sơn', 'Xã', '23 08 48N, 104 58 26E', '029'),
('00880', 'Nghĩa Thuận', 'Xã', '23 08 49N, 104 54 48E', '029'),
('00883', 'Cán Tỷ', 'Xã', '23 06 07N, 105 02 37E', '029'),
('00886', 'Cao Mã Pờ', 'Xã', '23 06 27N, 104 50 31E', '029'),
('00889', 'Thanh Vân', 'Xã', '23 06 05N, 104 58 07E', '029'),
('00892', 'Tùng Vài', 'Xã', '23 04 34N, 104 53 00E', '029'),
('00895', 'Đông Hà', 'Xã', '23 01 26N, 105 01 38E', '029'),
('00898', 'Quản Bạ', 'Xã', '23 02 43N, 105 00 35E', '029'),
('00901', 'Lùng Tám', 'Xã', '23 02 15N, 105 05 05E', '029'),
('00904', 'Quyết Tiến', 'Xã', '23 00 16N, 104 58 01E', '029'),
('00907', 'Tả Ván', 'Xã', '23 00 53N, 104 51 41E', '029'),
('00910', 'Thái An', 'Xã', '22 58 47N, 105 05 21E', '029'),
('00913', 'Vị Xuyên', 'Thị Trấn', '22 39 59N, 104 58 11E', '030'),
('00916', 'Nông Trường Việt Lâm', 'Thị Trấn', '22 37 19N, 104 57 41E', '030'),
('00919', 'Minh Tân', 'Xã', '22 58 08N, 104 54 26E', '030'),
('00922', 'Thuận Hoà', 'Xã', '22 55 57N, 104 59 53E', '030'),
('00925', 'Tùng Bá', 'Xã', '22 53 59N, 105 05 47E', '030'),
('00928', 'Thanh Thủy', 'Xã', '22 54 12N, 104 51 27E', '030'),
('00931', 'Thanh Đức', 'Xã', '22 53 24N, 104 08 27E', '030'),
('00934', 'Phong Quang', 'Xã', '22 52 22N, 104 56 51E', '030'),
('00937', 'Xín Chải', 'Xã', '22 51 48N, 104 46 31E', '030'),
('00940', 'Phương Tiến', 'Xã', '22 50 27N, 104 52 06E', '030'),
('00943', 'Lao Chải', 'Xã', '22 49 46N, 104 46 23E', '030'),
('00946', 'Phương Độ', 'Xã', '22 49 17N, 104 54 48E', '024'),
('00949', 'Phương Thiện', 'Xã', '22 47 08N, 104 56 40E', '024'),
('00952', 'Cao Bồ', 'Xã', '22 45 05N, 104 52 49E', '030'),
('00955', 'Đạo Đức', 'Xã', '22 44 04N, 104 58 21E', '030'),
('00958', 'Thượng Sơn', 'Xã', '22 40 36N, 104 49 58E', '030'),
('00961', 'Linh Hồ', 'Xã', '22 41 59N, 105 05 04E', '030'),
('00964', 'Quảng Ngần', 'Xã', '22 39 23N, 104 52 47E', '030'),
('00967', 'Việt Lâm', 'Xã', '22 38 46N, 104 55 40E', '030'),
('00970', 'Ngọc Linh', 'Xã', '22 38 58N, 105 00 46E', '030'),
('00973', 'Ngọc Minh', 'Xã', '22 37 33N, 105 06 08E', '030'),
('00976', 'Bạch Ngọc', 'Xã', '22 33 52N, 105 03 33E', '030'),
('00979', 'Trung Thành', 'Xã', '22 34 09N, 104 57 56E', '030'),
('00982', 'Minh Sơn', 'Xã', '22 50 56N, 105 12 24E', '031'),
('00985', 'Giáp Trung', 'Xã', '22 48 19N, 105 17 59E', '031'),
('00988', 'Yên Định', 'Xã', '22 47 46N, 105 06 36E', '031'),
('00991', 'Yên Phú', 'Thị Trấn', '22 45 41N, 105 20 12E', '031'),
('00994', 'Minh Ngọc', 'Xã', '22 44 47N, 105 10 03E', '031'),
('00997', 'Yên Phong', 'Xã', '22 46 32N, 105 24 32E', '031'),
('01000', 'Lạc Nông', 'Xã', '22 44 39N, 105 15 23E', '031'),
('01003', 'Phú Nam', 'Xã', '22 43 34N, 105 25 51E', '031'),
('01006', 'Yên Cường', 'Xã', '22 41 08N, 105 21 58E', '031'),
('01009', 'Thượng Tân', 'Xã', '22 41 01N, 105 14 57E', '031'),
('01012', 'Đường Âm', 'Xã', '22 39 26N, 105 28 04E', '031'),
('01015', 'Đường Hồng', 'Xã', '22 38 21N, 105 24 39E', '031'),
('01018', 'Phiêng Luông', 'Xã', '22 37 48N, 105 18 12E', '031'),
('01021', 'Vinh Quang', 'Thị Trấn', '22 44 32N, 104 40 54E', '032'),
('01024', 'Bản Máy', 'Xã', '22 49 25N, 104 34 04E', '032'),
('01027', 'Thàng Tín', 'Xã', '22 49 04N, 104 38 19E', '032'),
('01030', 'Thèn Chu Phìn', 'Xã', '22 48 07N, 104 42 45E', '032'),
('01033', 'Pố Lồ', 'Xã', '22 47 06N, 104 41 00E', '032'),
('01036', 'Bản Phùng', 'Xã', '22 47 20N, 104 34 24E', '032'),
('01039', 'Túng Sán', 'Xã', '22 45 43N, 104 46 12E', '032'),
('01042', 'Chiến Phố', 'Xã', '22 46 27N, 104 37 48E', '032'),
('01045', 'Đản Ván', 'Xã', '22 46 23N, 104 43 34E', '032'),
('01048', 'Tụ Nhân', 'Xã', '22 44 11N, 104 39 38E', '032'),
('01051', 'Tân Tiến', 'Xã', '22 44 20N, 104 43 30E', '032'),
('01054', 'Nàng Đôn', 'Xã', '22 42 33N, 104 35 49E', '032'),
('01057', 'Pờ Ly Ngài', 'Xã', '22 42 13N, 104 37 02E', '032'),
('01060', 'Sán Xả Hồ', 'Xã', '22 42 04N, 104 38 32E', '032'),
('01063', 'Bản Luốc', 'Xã', '22 41 37N, 104 39 48E', '032'),
('01066', 'Ngàm Đăng Vài', 'Xã', '22 42 39N, 104 42 41E', '032'),
('01069', 'Bản Nhùng', 'Xã', '22 42 22N, 104 45 10E', '032'),
('01072', 'Tả Sử Choóng', 'Xã', '22 40 33N, 104 45 48E', '032'),
('01075', 'Nậm Dịch', 'Xã', '22 40 01N, 104 41 50E', '032'),
('01078', 'Bản Péo', 'Xã', '22 39 24N, 104 44 14E', '032'),
('01081', 'Hồ Thầu', 'Xã', '22 37 47N, 104 37 53E', '032'),
('01084', 'Nam Sơn', 'Xã', '22 37 34N, 104 42 01E', '032'),
('01087', 'Nậm Tỵ', 'Xã', '22 36 13N, 104 45 55E', '032'),
('01090', 'Thông Nguyên', 'Xã', '22 34 37N, 104 44 53E', '032'),
('01093', 'Nậm Khòa', 'Xã', '22 33 58N, 104 40 12E', '032'),
('01096', 'Cốc Pài', 'Thị Trấn', '22 41 18N, 104 26 14E', '033'),
('01099', 'Nàn Xỉn', 'Xã', '22 46 52N, 104 33 07E', '033'),
('01102', 'Bản Díu', 'Xã', '22 44 46N, 104 33 53E', '033'),
('01105', 'Chí Cà', 'Xã', '22 43 55N, 104 27 06E', '033'),
('01108', 'Xín Mần', 'Xã', '22 45 36N, 104 29 57E', '033'),
('01111', 'Trung Thịnh', 'Xã', '22 42 18N, 104 34 36E', '033'),
('01114', 'Thèn Phàng', 'Xã', '22 43 13N, 104 29 58E', '033'),
('01117', 'Ngán Chiên', 'Xã', '22 42 12N, 104 33 05E', '033'),
('01120', 'Pà Vầy Sủ', 'Xã', '22 42 03N, 104 22 58E', '033'),
('01123', 'Cốc Rế', 'Xã', '22 40 30N, 104 31 02E', '033'),
('01126', 'Thu Tà', 'Xã', '22 39 50N, 104 34 08E', '033'),
('01129', 'Nàn Ma', 'Xã', '22 39 18N, 104 25 38E', '033'),
('01132', 'Tả Nhìu', 'Xã', '22 40 13N, 104 29 11E', '033'),
('01135', 'Bản Ngò', 'Xã', '22 38 32N, 104 27 25E', '033'),
('01138', 'Chế Là', 'Xã', '22 37 33N, 104 30 54E', '033'),
('01141', 'Nấm Dẩn', 'Xã', '22 35 51N, 104 29 40E', '033'),
('01144', 'Quảng Nguyên', 'Xã', '22 35 21N, 104 33 53E', '033'),
('01147', 'Nà Chì', 'Xã', '22 31 34N, 104 28 21E', '033'),
('01150', 'Khuôn Lùng', 'Xã', '22 30 09N, 104 32 11E', '033'),
('01153', 'Việt Quang', 'Thị Trấn', '22 25 38N, 104 48 13E', '034'),
('01156', 'Vĩnh Tuy', 'Thị Trấn', '22 16 03N, 104 53 45E', '034'),
('01159', 'Tân Lập', 'Xã', '22 32 44N, 104 50 09E', '034'),
('01162', 'Tân Thành', 'Xã', '22 33 08N, 104 54 25E', '034'),
('01165', 'Đồng Tiến', 'Xã', '22 31 17N, 105 00 42E', '034'),
('01168', 'Đồng Tâm', 'Xã', '22 30 03N, 104 56 00E', '034'),
('01171', 'Tân Quang', 'Xã', '22 29 53N, 104 52 14E', '034'),
('01174', 'Thượng Bình', 'Xã', '22 28 37N, 105 01 59E', '034'),
('01177', 'Hữu Sản', 'Xã', '22 26 23N, 105 04 10E', '034'),
('01180', 'Kim Ngọc', 'Xã', '22 26 20N, 104 56 15E', '034'),
('01183', 'Việt Vinh', 'Xã', '22 26 48N, 104 51 45E', '034'),
('01186', 'Bằng Hành', 'Xã', '22 26 12N, 104 59 54E', '034'),
('01189', 'Quang Minh', 'Xã', '22 23 48N, 104 52 10E', '034'),
('01192', 'Liên Hiệp', 'Xã', '22 22 55N, 105 01 48E', '034'),
('01195', 'Vô Điếm', 'Xã', '22 22 04N, 104 56 07E', '034'),
('01198', 'Việt Hồng', 'Xã', '22 21 59N, 104 47 14E', '034'),
('01201', 'Hùng An', 'Xã', '22 20 56N, 104 51 07E', '034'),
('01204', 'Đức Xuân', 'Xã', '22 18 51N, 105 00 51E', '034'),
('01207', 'Tiên Kiều', 'Xã', '22 18 49N, 104 48 59E', '034'),
('01210', 'Vĩnh Hảo', 'Xã', '22 15 13N, 104 52 01E', '034'),
('01213', 'Vĩnh Phúc', 'Xã', '22 15 04N, 104 47 28E', '034'),
('01216', 'Đồng Yên', 'Xã', '22 12 25N, 104 48 14E', '034'),
('01219', 'Đông Thành', 'Xã', '22 12 50N, 104 51 03E', '034'),
('01222', 'Xuân Minh', 'Xã', '22 30 03N, 104 45 07E', '035'),
('01225', 'Tiên Nguyên', 'Xã', '22 30 06N, 104 40 08E', '035'),
('01228', 'Tân Nam', 'Xã', '22 29 20N, 104 35 09E', '035'),
('01231', 'Bản Rịa', 'Xã', '22 27 01N, 104 28 58E', '035'),
('01234', 'Yên Thành', 'Xã', '22 25 32N, 104 31 57E', '035'),
('01237', 'Yên Bình', 'Xã', '22 24 05N, 104 36 01E', '035'),
('01240', 'Tân Trịnh', 'Xã', '22 24 58N, 104 44 32E', '035'),
('01243', 'Tân Bắc', 'Xã', '22 25 32N, 104 42 42E', '035'),
('01246', 'Bằng Lang', 'Xã', '22 21 48N, 104 38 05E', '035'),
('01249', 'Yên Hà', 'Xã', '22 20 28N, 104 42 17E', '035'),
('01252', 'Hương Sơn', 'Xã', '22 18 55N, 104 45 28E', '035'),
('01255', 'Xuân Giang', 'Xã', '22 18 52N, 104 38 24E', '035'),
('01258', 'Nà Khương', 'Xã', '22 16 50N, 104 34 31E', '035'),
('01261', 'Tiên Yên', 'Xã', '22 17 20N, 104 42 17E', '035'),
('01264', 'Vĩ Thượng', 'Xã', '22 14 11N, 104 44 09E', '035'),
('01267', 'Sông Hiến', 'Phường', '22 39 47N, 106 13 55E', '040'),
('01270', 'Sông Bằng', 'Phường', '22 39 53N, 106 16 29E', '040'),
('01273', 'Hợp Giang', 'Phường', '22 39 57N, 106 15 25E', '040'),
('01276', 'Tân Giang', 'Phường', '22 38 39N, 106 15 55E', '040'),
('01279', 'Ngọc Xuân', 'Xã', '22 41 10N, 106 14 58E', '040'),
('01282', 'Đề Thám', 'Xã', '22 40 14N, 106 13 01E', '040'),
('01285', 'Hoà Chung', 'Xã', '22 38 43N, 106 14 47E', '040'),
('01288', 'Duyệt Trung', 'Xã', '22 37 45N, 106 17 19E', '040'),
('01290', 'Pác Mi Ầu', 'Thị Trấn', '', '042'),
('01291', 'Đức Hạnh', 'Xã', '23 02 42N, 105 32 08E', '042'),
('01294', 'Lý Bôn', 'Xã', '22 56 46N, 105 30 28E', '042'),
('01296', 'Nam Cao', 'Xã', '', '042'),
('01297', 'Nam Quang', 'Xã', '22 55 12N, 105 26 35E', '042'),
('01300', 'Vĩnh Quang', 'Xã', '22 53 18N, 105 35 08E', '042'),
('01303', 'Quảng Lâm', 'Xã', '22 51 44N, 105 21 46E', '042'),
('01304', 'Thạch Lâm', 'Xã', '', '042'),
('01306', 'Tân Việt', 'Xã', '22 51 05N, 105 26 22E', '042'),
('01309', 'Vĩnh Phong', 'Xã', '22 50 11N, 105 34 54E', '042'),
('01312', 'Mông Ân', 'Xã', '22 49 16N, 105 30 02E', '042'),
('01315', 'Thái Học', 'Xã', '22 44 45N, 103 33 20E', '042'),
('01316', 'Thái Sơn', 'Xã', '', '042'),
('01318', 'Yên Thổ', 'Xã', '22 41 39N, 105 31 48E', '042'),
('01321', 'Bảo Lạc', 'Thị Trấn', '22 56 46N, 105 40 38E', '043'),
('01324', 'Cốc Pàng', 'Xã', '23 02 18N, 105 37 08E', '043'),
('01327', 'Thượng Hà', 'Xã', '23 00 24N, 105 41 01E', '043'),
('01330', 'Cô Ba', 'Xã', '22 59 52N, 105 44 19E', '043'),
('01333', 'Bảo Toàn', 'Xã', '22 57 32N, 105 35 49E', '043'),
('01336', 'Khánh Xuân', 'Xã', '22 57 23N, 105 47 42E', '043'),
('01339', 'Xuân Trường', 'Xã', '22 55 29N, 105 49 07E', '043'),
('01342', 'Hồng Trị', 'Xã', '22 53 07N, 105 40 09E', '043'),
('01343', 'Kim Cúc', 'Xã', '', '043'),
('01345', 'Phan Thanh', 'Xã', '22 53 28N, 105 44 46E', '043'),
('01348', 'Hồng An', 'Xã', '22 50 14N, 105 50 01E', '043'),
('01351', 'Hưng Đạo', 'Xã', '22 48 58N, 105 40 34E', '043'),
('01352', 'Hưng Thịnh', 'Xã', '', '043'),
('01354', 'Huy Giáp', 'Xã', '22 48 56N, 105 46 38E', '043'),
('01357', 'Đình Phùng', 'Xã', '22 45 57N, 105 47 22E', '043'),
('01359', 'Sơn Lập', 'Xã', '', '043'),
('01360', 'Sơn Lộ', 'Xã', '22 43 52N, 105 39 11E', '043'),
('01363', 'Thông Nông', 'Thị Trấn', '22 46 51N, 105 58 51E', '044'),
('01366', 'Cần Yên', 'Xã', '22 54 48N, 105 53 42E', '044'),
('01367', 'Cần Nông', 'Xã', '', '044'),
('01369', 'Vị Quang', 'Xã', '22 54 52N, 105 57 00E', '044'),
('01372', 'Lương Thông', 'Xã', '22 51 40N, 105 55 57E', '044'),
('01375', 'Đa Thông', 'Xã', '22 48 29N, 105 58 27E', '044'),
('01378', 'Ngọc Động', 'Xã', '22 47 51N, 105 55 41E', '044'),
('01381', 'Yên Sơn', 'Xã', '22 46 51N, 105 53 43E', '044'),
('01384', 'Lương Can', 'Xã', '22 45 43N, 106 00 57E', '044'),
('01387', 'Thanh Long', 'Xã', '22 44 34N, 105 57 05E', '044'),
('01390', 'Bình Lãng', 'Xã', '22 42 54N, 105 58 59E', '044'),
('01392', 'Xuân Hoà', 'Thị Trấn', '', '045'),
('01393', 'Lũng Nặm', 'Xã', '22 57 41N, 106 06 11E', '045'),
('01396', 'Kéo Yên', 'Xã', '22 56 49N, 106 04 28E', '045'),
('01399', 'Trường Hà', 'Xã', '22 57 40N, 106 02 30E', '045'),
('01402', 'Vân An', 'Xã', '22 58 20N, 106 08 39E', '045'),
('01405', 'Cải Viên', 'Xã', '22 58 08N, 106 11 28E', '045'),
('01408', 'Nà Sác', 'Xã', '22 55 53N, 106 01 24E', '045'),
('01411', 'Nội Thôn', 'Xã', '22 56 15N, 106 10 33E', '045'),
('01414', 'Tổng Cọt', 'Xã', '22 55 11N, 106 13 25E', '045'),
('01417', 'Sóc Hà', 'Xã', '22 54 56N, 105 59 23E', '045'),
('01420', 'Thượng Thôn', 'Xã', '22 53 59N, 106 08 16E', '045'),
('01423', 'Vần Dính', 'Xã', '22 53 34N, 106 04 28E', '045'),
('01426', 'Hồng Sĩ', 'Xã', '22 52 34N, 106 09 42E', '045'),
('01429', 'Sĩ Hai', 'Xã', '22 52 26N, 106 11 37E', '045'),
('01432', 'Quý Quân', 'Xã', '22 51 36N, 106 01 12E', '045'),
('01435', 'Mã Ba', 'Xã', '22 50 54N, 106 11 24E', '045'),
('01438', 'Phù Ngọc', 'Xã', '22 50 33N, 106 07 53E', '045'),
('01441', 'Đào Ngạn', 'Xã', '22 50 41N, 106 05 46E', '045'),
('01444', 'Hạ Thôn', 'Xã', '22 49 01N, 106 11 00E', '045'),
('01447', 'Hùng Quốc', 'Thị Trấn', '22 50 50N, 106 19 02E', '046'),
('01450', 'Cô Mười', 'Xã', '22 52 41N, 106 15 14E', '046'),
('01453', 'Tri Phương', 'Xã', '22 51 42N, 106 23 35E', '046'),
('01456', 'Quang Hán', 'Xã', '22 50 18N, 106 17 44E', '046'),
('01459', 'Quang Vinh', 'Xã', '22 50 03N, 106 14 37E', '046'),
('01462', 'Xuân Nội', 'Xã', '22 49 15N, 106 22 14E', '046'),
('01465', 'Quang Trung', 'Xã', '22 49 45N, 106 24 47E', '046'),
('01468', 'Lưu Ngọc', 'Xã', '22 47 57N, 106 15 48E', '046'),
('01471', 'Cao Chương', 'Xã', '22 47 35N, 106 19 45E', '046'),
('01474', 'Quốc Toản', 'Xã', '22 44 10N, 106 19 21E', '046'),
('01477', 'Trùng Khánh', 'Thị Trấn', '22 49 54N, 106 31 36E', '047'),
('01480', 'Ngọc Khê', 'Xã', '22 54 00N, 106 33 35E', '047'),
('01481', 'Ngọc Côn', 'Xã', '', '047'),
('01483', 'Phong Nậm', 'Xã', '22 53 56N, 106 31 08E', '047'),
('01486', 'Ngọc Chung', 'Xã', '22 53 00N, 106 27 39E', '047'),
('01489', 'Đình Phong', 'Xã', '22 52 15N, 106 36 25E', '047'),
('01492', 'Lăng Yên', 'Xã', '22 51 32N, 106 26 10E', '047'),
('01495', 'Đàm Thuỷ', 'Xã', '22 51 00N, 106 41 36E', '047'),
('01498', 'Khâm Thành', 'Xã', '22 51 32N, 106 31 28E', '047'),
('01501', 'Chí Viễn', 'Xã', '22 49 43N, 106 38 25E', '047'),
('01504', 'Lăng Hiếu', 'Xã', '22 50 45N, 106 29 10E', '047'),
('01507', 'Phong Châu', 'Xã', '22 49 05N, 106 35 48E', '047'),
('01510', 'Đình Minh', 'Xã', '22 49 33N, 106 32 36E', '047'),
('01513', 'Cảnh Tiên', 'Xã', '22 48 51N, 106 30 39E', '047'),
('01516', 'Trung Phúc', 'Xã', '22 47 29N, 106 26 40E', '047'),
('01519', 'Cao Thăng', 'Xã', '22 47 12N, 106 34 20E', '047'),
('01522', 'Đức Hồng', 'Xã', '22 47 20N, 106 30 52E', '047'),
('01525', 'Thông Hoè', 'Xã', '22 45 44N, 106 29 09E', '047'),
('01528', 'Thân Giáp', 'Xã', '22 44 55N, 106 32 42E', '047'),
('01531', 'Đoài Côn', 'Xã', '22 44 08N, 106 31 24E', '047'),
('01534', 'Minh Long', 'Xã', '22 48 50N, 106 44 57E', '048'),
('01537', 'Lý Quốc', 'Xã', '22 47 01N, 106 47 31E', '048'),
('01540', 'Thắng Lợi', 'Xã', '22 45 32N, 106 41 50E', '048'),
('01543', 'Đồng Loan', 'Xã', '22 45 41N, 106 44 20E', '048'),
('01546', 'Đức Quang', 'Xã', '22 44 53N, 106 38 26E', '048'),
('01549', 'Kim Loan', 'Xã', '22 44 35N, 106 36 04E', '048'),
('01552', 'Quang Long', 'Xã', '22 41 53N, 106 43 44E', '048'),
('01555', 'An Lạc', 'Xã', '22 42 01N, 106 36 22E', '048'),
('01558', 'Thanh Nhật', 'Thị Trấn', '22 41 33N, 106 39 56E', '048'),
('01561', 'Vinh Quý', 'Xã', '22 39 29N, 106 38 31E', '048'),
('01564', 'Việt Chu', 'Xã', '22 39 41N, 106 42 27E', '048'),
('01567', 'Cô Ngân', 'Xã', '22 36 57N, 106 37 14E', '048'),
('01570', 'Thái Đức', 'Xã', '22 37 31N, 106 41 13E', '048'),
('01573', 'Thị Hoa', 'Xã', '22 35 42N, 106 41 32E', '048'),
('01576', 'Quảng Uyên', 'Thị Trấn', '22 41 33N, 106 26 35E', '049'),
('01579', 'Phi Hải', 'Xã', '22 45 04N, 106 23 42E', '049'),
('01582', 'Quảng Hưng', 'Xã', '22 45 10N, 106 26 37E', '049'),
('01585', 'Bình Lăng', 'Xã', '22 43 27N, 106 29 45E', '049'),
('01588', 'Quốc Dân', 'Xã', '22 42 47N, 106 23 10E', '049'),
('01591', 'Quốc Phong', 'Xã', '22 42 43N, 106 25 59E', '049'),
('01594', 'Độc Lập', 'Xã', '22 41 46N, 106 29 11E', '049'),
('01597', 'Cai Bộ', 'Xã', '22 40 42N, 106 32 16E', '049'),
('01600', 'Đoài Khôn', 'Xã', '22 40 29N, 106 22 15E', '049'),
('01603', 'Phúc Sen', 'Xã', '22 41 04N, 106 24 17E', '049'),
('01606', 'Chí Thảo', 'Xã', '22 40 08N, 106 28 09E', '049'),
('01609', 'Tự Do', 'Xã', '22 39 23N, 106 23 57E', '049'),
('01612', 'Hồng Định', 'Xã', '22 38 00N, 106 27 05E', '049'),
('01615', 'Hồng Quang', 'Xã', '22 36 59N, 106 29 27E', '049'),
('01618', 'Ngọc Động', 'Xã', '22 36 52N, 106 23 46E', '049'),
('01621', 'Hoàng Hải', 'Xã', '22 35 28N, 106 24 31E', '049'),
('01624', 'Hạnh Phúc', 'Xã', '22 35 44N, 106 26 58E', '049'),
('01627', 'Tà Lùng', 'Thị Trấn', '22 29 16N, 106 34 02E', '050'),
('01630', 'Triệu Ẩu', 'Xã', '22 37 58N, 106 34 23E', '050'),
('01633', 'Hồng Đại', 'Xã', '22 37 40N, 106 31 22E', '050'),
('01636', 'Cách Linh', 'Xã', '22 34 58N, 106 33 42E', '050'),
('01639', 'Đại Sơn', 'Xã', '22 32 52N, 106 32 46E', '050'),
('01642', 'Lương Thiện', 'Xã', '22 33 49N, 106 28 38E', '050'),
('01645', 'Tiên Thành', 'Xã', '22 32 12N, 106 26 27E', '050'),
('01648', 'Hoà Thuận', 'Thị Trấn', '22 31 40N, 106 31 20E', '050'),
('01651', 'Mỹ Hưng', 'Xã', '22 30 03N, 106 31 24E', '050'),
('01654', 'Nước Hai', 'Thị Trấn', '22 44 29N, 106 08 48E', '051'),
('01657', 'Dân Chủ', 'Xã', '22 48 41N, 106 04 19E', '051'),
('01660', 'Nam Tuấn', 'Xã', '22 47 16N, 106 08 42E', '051'),
('01663', 'Đức Xuân', 'Xã', '22 47 13N, 106 14 10E', '051'),
('01666', 'Đại Tiến', 'Xã', '22 46 21N, 106 12 00E', '051'),
('01669', 'Đức Long', 'Xã', '22 46 03N, 106 06 49E', '051'),
('01672', 'Ngũ Lão', 'Xã', '22 43 55N, 106 15 23E', '051'),
('01675', 'Trương Lương', 'Xã', '22 43 35N, 106 04 08E', '051'),
('01678', 'Bình Long', 'Xã', '22 43 27N, 106 07 30E', '051'),
('01681', 'Nguyễn Huệ', 'Xã', '22 43 10N, 106 18 25E', '051'),
('01684', 'Công Trừng', 'Xã', '22 42 31N, 106 01 51E', '051'),
('01687', 'Hồng Việt', 'Xã', '22 42 50N, 106 08 48E', '051'),
('01690', 'Bế Triều', 'Xã', '22 43 49N, 106 11 15E', '051'),
('01693', 'Vĩnh Quang', 'Xã', '22 42 29N, 106 13 05E', '051'),
('01696', 'Hoàng Tung', 'Xã', '22 40 48N, 106 09 16E', '051'),
('01699', 'Trương Vương', 'Xã', '22 40 01N, 106 20 31E', '051'),
('01702', 'Quang Trung', 'Xã', '22 40 14N, 106 18 20E', '051'),
('01705', 'Hưng Đạo', 'Xã', '22 40 46N, 106 11 21E', '051'),
('01708', 'Bạch Đằng', 'Xã', '22 35 59N, 106 10 59E', '051'),
('01711', 'Bình Dương', 'Xã', '22 37 17N, 106 08 41E', '051'),
('01714', 'Lê Chung', 'Xã', '22 36 43N, 106 15 08E', '051'),
('01717', 'Hà Trì', 'Xã', '22 37 04N, 106 20 33E', '051'),
('01720', 'Chu Trinh', 'Xã', '22 36 17N, 106 18 55E', '051'),
('01723', 'Hồng Nam', 'Xã', '22 33 20N, 106 22 18E', '051'),
('01726', 'Nguyên Bình', 'Thị Trấn', '22 39 34N, 105 57 53E', '052'),
('01729', 'Tĩnh Túc', 'Thị Trấn', '22 38 52N, 105 52 44E', '052'),
('01732', 'Yên Lạc', 'Xã', '22 45 52N, 105 51 24E', '052'),
('01735', 'Triệu Nguyên', 'Xã', '22 43 36N, 105 54 41E', '052'),
('01738', 'Ca Thành', 'Xã', '22 41 56N, 105 49 01E', '052'),
('01741', 'Thái Học', 'Xã', '22 41 06N, 106 00 05E', '052'),
('01744', 'Vũ Nông', 'Xã', '22 40 41N, 105 52 39E', '052'),
('01747', 'Minh Tâm', 'Xã', '22 41 15N, 106 06 03E', '052'),
('01750', 'Thể Dục', 'Xã', '22 39 59N, 105 56 10E', '052'),
('01753', 'Bắc Hợp', 'Xã', '22 40 15N, 106 03 32E', '052'),
('01756', 'Mai Long', 'Xã', '22 38 38N, 105 46 59E', '052'),
('01759', 'Lang Môn', 'Xã', '22 39 11N, 106 06 35E', '052'),
('01762', 'Minh Thanh', 'Xã', '22 38 58N, 106 01 04E', '052'),
('01765', 'Hoa Thám', 'Xã', '22 35 39N, 106 04 35E', '052'),
('01768', 'Phan Thanh', 'Xã', '22 35 17N, 105 48 25E', '052'),
('01771', 'Quang Thành', 'Xã', '22 36 12N, 105 55 34E', '052'),
('01774', 'Tam Kim', 'Xã', '22 35 42N, 106 00 46E', '052'),
('01777', 'Thành Công', 'Xã', '22 33 16N, 105 52 04E', '052'),
('01780', 'Thịnh Vượng', 'Xã', '22 33 10N, 106 08 03E', '052'),
('01783', 'Hưng Đạo', 'Xã', '22 33 28N, 105 57 40E', '052'),
('01786', 'Đông Khê', 'Thị Trấn', '22 25 27N, 106 26 23E', '053'),
('01789', 'Canh Tân', 'Xã', '22 33 20N, 106 14 52E', '053'),
('01792', 'Kim Đồng', 'Xã', '22 32 26N, 106 19 21E', '053'),
('01795', 'Minh Khai', 'Xã', '22 30 42N, 106 10 35E', '053'),
('01798', 'Thị Ngân', 'Xã', '22 30 15N, 106 25 07E', '053'),
('01801', 'Đức Thông', 'Xã', '22 27 49N, 106 16 46E', '053'),
('01804', 'Thái Cường', 'Xã', '22 29 41N, 106 20 55E', '053'),
('01807', 'Vân Trình', 'Xã', '22 29 42N, 106 23 33E', '053'),
('01810', 'Thuỵ Hùng', 'Xã', '22 28 54N, 106 28 56E', '053'),
('01813', 'Quang Trọng', 'Xã', '22 26 25N, 106 09 17E', '053'),
('01816', 'Trọng Con', 'Xã', '22 25 07N, 106 21 49E', '053'),
('01819', 'Lê Lai', 'Xã', '22 26 34N, 106 25 18E', '053'),
('01822', 'Đức Long', 'Xã', '22 36 38N, 106 30 54E', '053'),
('01825', 'Danh Sỹ', 'Xã', '22 25 38N, 106 30 01E', '053'),
('01828', 'Lê Lợi', 'Xã', '22 23 31N, 106 28 20E', '053'),
('01831', 'Đức Xuân', 'Xã', '22 23 16N, 105 25 55E', '053'),
('01834', 'Nguyễn Thị Minh Khai', 'Phường', '22 09 42N, 105 50 38E', '058'),
('01837', 'Sông Cầu', 'Phường', '22 08 44N, 105 49 04E', '058'),
('01840', 'Đức Xuân', 'Phường', '22 08 24N, 105 50 50E', '058'),
('01843', 'Phùng Chí Kiên', 'Phường', '22 08 04N, 105 49 58E', '058'),
('01846', 'Huyền Tụng', 'Xã', '22 10 20N, 105 50 08E', '058'),
('01849', 'Dương Quang', 'Xã', '22 10 08N, 105 48 23E', '058'),
('01852', 'Nông Thượng', 'Xã', '22 06 44N, 105 49 27E', '058'),
('01855', 'Xuất Hoá', 'Xã', '22 05 44N, 105 53 04E', '058'),
('01858', 'Bằng Thành', 'Xã', '22 41 00N, 105 42 43E', '060'),
('01861', 'Nhạn Môn', 'Xã', '22 39 50N, 105 37 27E', '060'),
('01864', 'Bộc Bố', 'Xã', '22 37 34N, 105 39 30E', '060'),
('01867', 'Công Bằng', 'Xã', '22 36 52N, 105 34 01E', '060'),
('01870', 'Giáo Hiệu', 'Xã', '22 37 27N, 105 36 52E', '060'),
('01873', 'Xuân La', 'Xã', '22 35 10N, 105 42 07E', '060'),
('01876', 'An Thắng', 'Xã', '22 32 22N, 105 46 02E', '060'),
('01879', 'Cổ Linh', 'Xã', '22 33 45N, 105 37 28E', '060'),
('01882', 'Nghiên Loan', 'Xã', '22 31 10N, 105 42 59E', '060'),
('01885', 'Cao Tân', 'Xã', '22 30 58N, 105 38 10E', '060'),
('01888', 'Chợ Rã', 'Thị Trấn', '22 28 22N, 105 42 58E', '061'),
('01891', 'Bành Trạch', 'Xã', '22 27 31N, 105 45 54E', '061'),
('01894', 'Phúc Lộc', 'Xã', '22 27 49N, 105 50 55E', '061'),
('01897', 'Hà Hiệu', 'Xã', '22 26 32N, 105 51 29E', '061'),
('01900', 'Cao Thượng', 'Xã', '22 28 55N, 105 37 39E', '061'),
('01903', 'Cao Trĩ', 'Xã', '22 27 24N, 105 41 15E', '061'),
('01906', 'Khang Ninh', 'Xã', '22 25 39N, 105 40 00E', '061'),
('01909', 'Nam Mẫu', 'Xã', '22 25 07N, 105 36 03E', '061'),
('01912', 'Thượng Giáo', 'Xã', '22 25 32N, 105 42 36E', '061'),
('01915', 'Địa Linh', 'Xã', '22 24 51N, 105 45 20E', '061'),
('01918', 'Yến Dương', 'Xã', '22 22 58N, 105 46 22E', '061'),
('01921', 'Chu Hương', 'Xã', '22 22 00N, 105 48 45E', '061'),
('01924', 'Quảng Khê', 'Xã', '22 21 33N, 105 41 49E', '061'),
('01927', 'Mỹ Phương', 'Xã', '22 19 33N, 105 49 53E', '061'),
('01930', 'Hoàng Trĩ', 'Xã', '22 19 26N, 105 39 36E', '061'),
('01933', 'Đồng Phúc', 'Xã', '22 18 32N, 105 44 30E', '061'),
('01936', 'Nà Phặc', 'Thị Trấn', '22 22 54N, 105 54 14E', '062'),
('01939', 'Thượng Ân', 'Xã', '22 31 13N, 106 01 46E', '062'),
('01942', 'Bằng Vân', 'Xã', '22 29 56N, 106 04 23E', '062'),
('01945', 'Cốc Đán', 'Xã', '22 29 35N, 105 56 49E', '062'),
('01948', 'Trung Hoà', 'Xã', '22 26 15N, 105 54 32E', '062'),
('01951', 'Đức Vân', 'Xã', '22 27 00N, 106 03 07E', '062'),
('01954', 'Vân Tùng', 'Xã', '22 25 56N, 105 59 27E', '062'),
('01957', 'Thượng Quan', 'Xã', '22 22 29N, 106 04 01E', '062'),
('01960', 'Lãng Ngâm', 'Xã', '22 19 23N, 105 54 37E', '062'),
('01963', 'Thuần Mang', 'Xã', '22 19 58N, 106 00 14E', '062'),
('01966', 'Hương Nê', 'Xã', '22 18 46N, 105 57 15E', '062'),
('01969', 'Phủ Thông', 'Thị Trấn', '22 16 08N, 105 52 48E', '063'),
('01972', 'Phương Linh', 'Xã', '22 17 19N, 105 53 15E', '063'),
('01975', 'Vi Hương', 'Xã', '22 17 22N, 105 49 40E', '063'),
('01978', 'Sĩ Bình', 'Xã', '22 15 13N, 105 55 31E', '063'),
('01981', 'Vũ Muộn', 'Xã', '22 15 00N, 105 58 10E', '063'),
('01984', 'Đôn Phong', 'Xã', '22 12 47N, 105 44 48E', '063'),
('01987', 'Tú Trĩ', 'Xã', '22 15 51N, 105 50 38E', '063'),
('01990', 'Lục Bình', 'Xã', '22 14 37N, 105 49 29E', '063'),
('01993', 'Tân Tiến', 'Xã', '22 14 55N, 105 53 12E', '063'),
('01996', 'Quân Bình', 'Xã', '22 14 02N, 105 52 06E', '063'),
('01999', 'Nguyên Phúc', 'Xã', '22 12 06N, 105 54 24E', '063'),
('02002', 'Cao Sơn', 'Xã', '22 11 05N, 105 59 23E', '063'),
('02005', 'Hà Vị', 'Xã', '22 12 51N, 105 49 48E', '063'),
('02008', 'Cẩm Giàng', 'Xã', '22 12 07N, 105 52 00E', '063'),
('02011', 'Mỹ Thanh', 'Xã', '20 08 58N, 105 55 26E', '063'),
('02014', 'Dương Phong', 'Xã', '22 07 18N, 105 42 04E', '063'),
('02017', 'Quang Thuận', 'Xã', '22 07 28N, 105 46 06E', '063'),
('02020', 'Bằng Lũng', 'Thị Trấn', '22 09 42N, 105 35 35E', '064'),
('02023', 'Xuân Lạc', 'Xã', '22 21 16N, 105 31 58E', '064'),
('02026', 'Nam Cường', 'Xã', '22 21 29N, 105 36 44E', '064'),
('02029', 'Đồng Lạc', 'Xã', '22 18 43N, 105 34 57E', '064'),
('02032', 'Tân Lập', 'Xã', '22 17 00N, 105 37 27E', '064'),
('02035', 'Bản Thi', 'Xã', '22 15 05N, 105 30 15E', '064'),
('02038', 'Quảng Bạch', 'Xã', '22 15 29N, 105 35 01E', '064'),
('02041', 'Bằng Phúc', 'Xã', '22 15 37N, 105 40 56E', '064'),
('02044', 'Yên Thịnh', 'Xã', '22 12 57N, 105 28 17E', '064'),
('02047', 'Yên Thượng', 'Xã', '22 10 18N, 105 30 57E', '064'),
('02050', 'Phương Viên', 'Xã', '22 12 09N, 105 38 23E', '064'),
('02053', 'Ngọc Phái', 'Xã', '22 12 10N, 105 34 44E', '064'),
('02056', 'Rã Bản', 'Xã', '22 11 16N, 105 40 12E', '064'),
('02059', 'Đông Viên', 'Xã', '22 08 34N, 105 39 50E', '064'),
('02062', 'Lương Bằng', 'Xã', '22 05 51N, 105 30 03E', '064'),
('02065', 'Bằng Lãng', 'Xã', '22 07 19N, 105 34 15E', '064'),
('02068', 'Đại Sảo', 'Xã', '22 07 01N, 105 37 52E', '064'),
('02071', 'Nghĩa Tá', 'Xã', '22 03 19N, 105 31 45E', '064'),
('02074', 'Phong Huân', 'Xã', '22 04 34N, 105 35 17E', '064'),
('02077', 'Yên Mỹ', 'Xã', '22 03 28N, 105 39 30E', '064'),
('02080', 'Bình Trung', 'Xã', '22 00 47N, 105 32 59E', '064'),
('02083', 'Yên Nhuận', 'Xã', '22 02 25N, 105 36 48E', '064'),
('02086', 'Chợ Mới', 'Thị Trấn', '21 52 46N, 105 46 41E', '065'),
('02089', 'Tân Sơn', 'Xã', '22 04 24N, 105 56 49E', '065'),
('02092', 'Thanh Vận', 'Xã', '22 03 55N, 105 47 49E', '065'),
('02095', 'Mai Lạp', 'Xã', '22 03 41N, 105 43 32E', '065'),
('02098', 'Hoà Mục', 'Xã', '22 03 38N, 105 50 13E', '065'),
('02101', 'Thanh Mai', 'Xã', '22 02 59N, 105 46 09E', '065'),
('02104', 'Cao Kỳ', 'Xã', '22 00 50N, 105 52 24E', '065'),
('02107', 'Nông Hạ', 'Xã', '21 58 32N, 105 49 35E', '065'),
('02110', 'Yên Cư', 'Xã', '21 58 14N, 105 57 30E', '065'),
('02113', 'Nông Thịnh', 'Xã', '21 58 02N, 105 48 11E', '065'),
('02116', 'Yên Hân', 'Xã', '21 56 12N, 105 55 40E', '065'),
('02119', 'Thanh Bình', 'Xã', '21 55 43N, 105 48 40E', '065'),
('02122', 'Như Cố', 'Xã', '21 54 27N, 105 51 18E', '065'),
('02125', 'Bình Văn', 'Xã', '21 55 08N, 105 54 14E', '065'),
('02128', 'Yên Đĩnh', 'Xã', '21 53 35N, 105 47 14E', '065'),
('02131', 'Quảng Chu', 'Xã', '21 50 37N, 105 47 05E', '065'),
('02134', 'Yến Lạc', 'Thị Trấn', '22 13 41N, 106 10 50E', '066'),
('02137', 'Vũ Loan', 'Xã', '22 20 03N, 106 09 55E', '066'),
('02140', 'Lạng San', 'Xã', '22 16 30N, 106 06 42E', '066'),
('02143', 'Lương Thượng', 'Xã', '22 16 42N, 106 04 26E', '066'),
('02146', 'Kim Hỷ', 'Xã', '22 14 41N, 106 01 09E', '066'),
('02149', 'Văn Học', 'Xã', '22 16 55N, 106 09 01E', '066'),
('02152', 'Cường Lợi', 'Xã', '22 16 21N, 106 12 42E', '066'),
('02155', 'Lương Hạ', 'Xã', '22 15 22N, 106 10 20E', '066'),
('02158', 'Kim Lư', 'Xã', '22 12 12N, 106 12 18E', '066'),
('02161', 'Lương Thành', 'Xã', '22 13 26N, 106 07 10E', '066'),
('02164', 'Ân Tình', 'Xã', '22 12 13N, 106 04 56E', '066'),
('02167', 'Lam Sơn', 'Xã', '22 12 04N, 106 09 57E', '066'),
('02170', 'Văn Minh', 'Xã', '22 10 42N, 106 06 06E', '066'),
('02173', 'Côn Minh', 'Xã', '22 08 24N, 106 00 11E', '066'),
('02176', 'Cư Lễ', 'Xã', '22 07 59N, 106 09 13E', '066'),
('02179', 'Hữu Thác', 'Xã', '22 08 12N, 106 05 04E', '066'),
('02182', 'Hảo Nghĩa', 'Xã', '22 05 55N, 106 05 17E', '066'),
('02185', 'Quang Phong', 'Xã', '22 05 30N, 106 00 51E', '066'),
('02188', 'Dương Sơn', 'Xã', '22 03 51N, 106 03 28E', '066'),
('02191', 'Xuân Dương', 'Xã', '22 01 11N, 106 04 31E', '066'),
('02194', 'Đổng Xá', 'Xã', '22 00 18N, 105 59 12E', '066'),
('02197', 'Liêm Thuỷ', 'Xã', '21 57 19N, 106 04 05E', '066'),
('02200', 'Phan Thiết', 'Phường', '21 49 17N, 105 12 07E', '070'),
('02203', 'Minh Xuân', 'Phường', '21 49 35N, 105 12 50E', '070'),
('02206', 'Tân Quang', 'Phường', '21 48 55N, 105 12 39E', '070'),
('02209', 'Tràng Đà', 'Xã', '21 50 52N, 105 12 49E', '070'),
('02212', 'Nông Tiến', 'Phường', '21 49 46N, 105 14 31E', '070'),
('02215', 'Ỷ La', 'Phường', '21 49 45N, 105 11 31E', '070'),
('02216', 'Tân Hà', 'Phường', '', '070'),
('02218', 'Hưng Thành', 'Phường', '21 48 08N, 105 12 22E', '070'),
('02221', 'Nà Hang', 'Thị Trấn', '22 20 56N, 105 22 57E', '072'),
('02227', 'Sinh Long', 'Xã', '22 34 29N, 105 22 22E', '072'),
('02230', 'Thượng Giáp', 'Xã', '22 36 36N, 105 29 50E', '072'),
('02233', 'Phúc Yên', 'Xã', '22 33 32N, 105 11 26E', '072'),
('02239', 'Thượng Nông', 'Xã', '22 34 26N, 105 29 14E', '072'),
('02242', 'Xuân Lập', 'Xã', '22 31 44N, 105 09 02E', '072'),
('02245', 'Côn Lôn', 'Xã', '22 32 03N, 105 26 23E', '072'),
('02248', 'Yên Hoa', 'Xã', '22 31 46N, 105 30 26E', '072'),
('02251', 'Khuôn Hà', 'Xã', '22 30 58N, 105 15 33E', '072'),
('02254', 'Hồng Thái', 'Xã', '22 32 03N, 105 33 40E', '072'),
('02260', 'Đà Vị', 'Xã', '22 28 18N, 105 32 31E', '072'),
('02263', 'Khau Tinh', 'Xã', '22 27 08N, 105 26 53E', '072'),
('02266', 'Lăng Can', 'Xã', '22 27 10N, 105 13 18E', '072'),
('02269', 'Thượng Lâm', 'Xã', '22 27 38N, 105 19 43E', '072'),
('02275', 'Sơn Phú', 'Xã', '22 23 00N, 105 28 17E', '072'),
('02281', 'Năng Khả', 'Xã', '22 21 10N, 105 19 49E', '072'),
('02284', 'Thanh Tương', 'Xã', '22 17 53N, 105 21 59E', '072'),
('02287', 'Vĩnh Lộc', 'Thị Trấn', '22 09 09N, 105 16 01E', '073'),
('02290', 'Bình An', 'Xã', '22 26 31N, 105 09 27E', '073'),
('02293', 'Hồng Quang', 'Xã', '22 23 24N, 105 06 26E', '073'),
('02296', 'Thổ Bình', 'Xã', '22 22 55N, 105 11 40E', '073'),
('02299', 'Phúc Sơn', 'Xã', '22 19 37N, 105 14 31E', '073'),
('02302', 'Minh Quang', 'Xã', '22 20 47N, 105 09 41E', '073'),
('02305', 'Trung Hà', 'Xã', '22 17 23N, 105 03 42E', '073'),
('02308', 'Tân Mỹ', 'Xã', '22 16 41N, 105 10 50E', '073'),
('02311', 'Hà Lang', 'Xã', '22 14 12N, 105 07 20E', '073'),
('02314', 'Hùng Mỹ', 'Xã', '22 14 14N, 105 17 14E', '073'),
('02317', 'Yên Lập', 'Xã', '22 13 25N, 105 22 59E', '073'),
('02320', 'Tân An', 'Xã', '22 11 50N, 105 11 18E', '073'),
('02323', 'Bình Phú', 'Xã', '22 11 00N, 105 25 41E', '073'),
('02326', 'Xuân Quang', 'Xã', '22 11 03N, 105 16 37E', '073'),
('02329', 'Ngọc Hội', 'Xã', '22 09 57N, 105 18 30E', '073'),
('02332', 'Phú Bình', 'Xã', '22 09 16N, 105 21 39E', '073'),
('02335', 'Hòa Phú', 'Xã', '22 07 57N, 105 10 04E', '073'),
('02338', 'Phúc Thịnh', 'Xã', '22 09 21N, 105 13 38E', '073'),
('02341', 'Kiên Đài', 'Xã', '22 06 51N, 105 26 20E', '073'),
('02344', 'Tân Thịnh', 'Xã', '22 08 18N, 105 12 53E', '073'),
('02347', 'Trung Hòa', 'Xã', '22 06 36N, 105 15 28E', '073'),
('02350', 'Kim Bình', 'Xã', '22 05 21N, 105 19 59E', '073'),
('02353', 'Hòa An', 'Xã', '22 05 36N, 105 14 46E', '073'),
('02356', 'Vinh Quang', 'Xã', '22 05 40N, 105 17 39E', '073'),
('02359', 'Tri Phú', 'Xã', '22 01 27N, 105 22 18E', '073'),
('02362', 'Nhân Lý', 'Xã', '22 03 35N, 105 14 43E', '073'),
('02365', 'Yên Nguyên', 'Xã', '22 03 19N, 105 10 22E', '073'),
('02368', 'Linh Phú', 'Xã', '22 00 40N, 105 26 09E', '073'),
('02371', 'Bình Nhân', 'Xã', '22 02 32N, 105 17 14E', '073'),
('02374', 'Tân Yên', 'Thị Trấn', '22 02 28N, 104 57 50E', '074'),
('02377', 'Yên Thuận', 'Xã', '22 17 47N, 104 56 57E', '074'),
('02380', 'Bạch Xa', 'Xã', '22 14 58N, 104 55 21E', '074'),
('02383', 'Minh Khương', 'Xã', '22 12 58N, 104 57 29E', '074'),
('02386', 'Yên Lâm', 'Xã', '22 09 02N, 104 54 09E', '074'),
('02389', 'Minh Dân', 'Xã', '22 11 26N, 104 59 19E', '074'),
('02392', 'Phù Lưu', 'Xã', '22 10 51N, 105 03 05E', '074'),
('02395', 'Minh Hương', 'Xã', '22 07 49N, 105 06 23E', '074'),
('02398', 'Yên Phú', 'Xã', '22 06 28N, 104 58 34E', '074'),
('02401', 'Tân Thành', 'Xã', '22 05 54N, 105 03 24E', '074'),
('02404', 'Bình Xa', 'Xã', '22 03 26N, 105 07 27E', '074'),
('02407', 'Thái Sơn', 'Xã', '22 01 26N, 105 05 42E', '074'),
('02410', 'Nhân Mục', 'Xã', '22 01 21N, 105 00 42E', '074'),
('02413', 'Thành Long', 'Xã', '21 58 41N, 105 02 58E', '074'),
('02416', 'Bằng Cốc', 'Xã', '21 58 34N, 105 00 38E', '074'),
('02419', 'Thái Hòa', 'Xã', '21 58 35N, 105 06 41E', '074'),
('02422', 'Đức Ninh', 'Xã', '21 56 34N, 105 07 22E', '074'),
('02425', 'Hùng Đức', 'Xã', '21 53 31N, 105 03 55E', '074'),
('02428', 'Tân Bình', 'Thị Trấn', '21 41 55N, 105 14 00E', '075'),
('02431', 'Quí Quân', 'Xã', '22 01 26N, 105 13 58E', '075'),
('02434', 'Lực Hành', 'Xã', '22 01 04N, 105 11 33E', '075'),
('02437', 'Kiến Thiết', 'Xã', '21 58 22N, 105 19 23E', '075'),
('02440', 'Trung Minh', 'Xã', '21 58 04N, 105 30 27E', '075'),
('02443', 'Chiêu Yên', 'Xã', '21 59 09N, 105 09 40E', '075'),
('02446', 'Trung Trực', 'Xã', '21 57 22N, 105 16 50E', '075'),
('02449', 'Xuân Vân', 'Xã', '21 57 11N, 105 13 53E', '075'),
('02452', 'Phúc Ninh', 'Xã', '21 56 24N, 105 11 05E', '075');
INSERT INTO `ward` (`wardid`, `name`, `type`, `location`, `districtid`) VALUES
('02455', 'Hùng Lợi', 'Xã', '21 54 10N, 105 28 47E', '075'),
('02458', 'Trung Sơn', 'Xã', '21 54 20N, 105 24 47E', '075'),
('02461', 'Tân Tiến', 'Xã', '21 53 37N, 105 17 24E', '075'),
('02464', 'Tứ Quận', 'Xã', '21 53 50N, 105 07 51E', '075'),
('02467', 'Đạo Viện', 'Xã', '21 52 51N, 105 20 59E', '075'),
('02470', 'Tân Long', 'Xã', '21 53 02N, 105 13 12E', '075'),
('02473', 'Thắng Quân', 'Xã', '21 52 38N, 105 09 53E', '075'),
('02476', 'Kim Quan', 'Xã', '21 51 29N, 105 26 05E', '075'),
('02479', 'Lang Quán', 'Xã', '20 50 49N, 105 06 31E', '075'),
('02482', 'Phú Thịnh', 'Xã', '21 50 17N, 105 17 39E', '075'),
('02485', 'Công Đa', 'Xã', '21 49 38N, 105 21 45E', '075'),
('02488', 'Trung Môn', 'Xã', '21 49 49N, 105 10 04E', '075'),
('02491', 'Chân Sơn', 'Xã', '21 49 01N, 105 07 44E', '075'),
('02494', 'Thái Bình', 'Xã', '21 48 41N, 105 15 03E', '075'),
('02497', 'Kim Phú', 'Xã', '21 46 58N, 105 10 10E', '075'),
('02500', 'Tiến Bộ', 'Xã', '21 46 23N, 105 20 02E', '075'),
('02503', 'An Khang', 'Xã', '21 46 51N, 105 15 31E', '070'),
('02506', 'Mỹ Bằng', 'Xã', '21 45 55N, 105 05 18E', '075'),
('02509', 'Phú Lâm', 'Xã', '21 45 49N, 105 07 47E', '075'),
('02512', 'An Tường', 'Xã', '21 46 39N, 105 12 37E', '070'),
('02515', 'Lưỡng Vượng', 'Xã', '21 46 29N, 105 13 29E', '070'),
('02518', 'Hoàng Khai', 'Xã', '21 45 30N, 105 11 21E', '075'),
('02521', 'Thái Long', 'Xã', '21 44 26N, 105 13 20E', '070'),
('02524', 'Đội Cấn', 'Xã', '21 43 25N, 105 13 19E', '070'),
('02527', 'Nhữ Hán', 'Xã', '21 43 17N, 105 07 05E', '075'),
('02530', 'Nhữ Khê', 'Xã', '21 42 05N, 105 10 46E', '075'),
('02533', 'Đội Bình', 'Xã', '21 40 54N, 105 12 38E', '075'),
('02536', 'Sơn Dương', 'Thị Trấn', '21 41 33N, 105 23 59E', '076'),
('02539', 'Trung Yên', 'Xã', '21 49 02N, 105 27 12E', '076'),
('02542', 'Minh Thanh', 'Xã', '21 46 46N, 105 24 03E', '076'),
('02545', 'Tân Trào', 'Xã', '21 46 38N, 105 28 05E', '076'),
('02548', 'Vĩnh Lợi', 'Xã', '21 44 47N, 105 16 45E', '076'),
('02551', 'Thượng Ấm', 'Xã', '21 43 50N, 105 19 29E', '076'),
('02554', 'Bình Yên', 'Xã', '21 44 42N, 105 26 11E', '076'),
('02557', 'Lương Thiện', 'Xã', '21 44 04N, 105 28 17E', '076'),
('02560', 'Tú Thịnh', 'Xã', '21 43 25N, 105 22 03E', '076'),
('02563', 'Cấp Tiến', 'Xã', '21 42 25N, 105 16 55E', '076'),
('02566', 'Hợp Thành', 'Xã', '21 40 54N, 105 28 07E', '076'),
('02569', 'Phúc Ứng', 'Xã', '21 39 54N, 105 22 04E', '076'),
('02572', 'Đông Thọ', 'Xã', '21 39 44N, 105 17 17E', '076'),
('02575', 'Kháng Nhật', 'Xã', '21 39 14N, 105 27 16E', '076'),
('02578', 'Hợp Hòa', 'Xã', '21 37 24N, 105 26 25E', '076'),
('02581', 'Thanh Phát', 'Xã', '21 37 32N, 105 21 14E', '076'),
('02584', 'Quyết Thắng', 'Xã', '21 38 04N, 105 14 48E', '076'),
('02587', 'Đồng Quý', 'Xã', '21 37 27N, 105 17 33E', '076'),
('02590', 'Tuân Lộ', 'Xã', '21 36 03N, 105 24 43E', '076'),
('02593', 'Vân Sơn', 'Xã', '21 35 56N, 105 15 22E', '076'),
('02596', 'Văn Phú', 'Xã', '21 36 06N, 105 17 34E', '076'),
('02599', 'Chi Thiết', 'Xã', '21 35 48N, 105 18 23E', '076'),
('02602', 'Đông Lợi', 'Xã', '21 35 29N, 105 20 14E', '076'),
('02605', 'Thiện Kế', 'Xã', '21 35 19N, 105 29 09E', '076'),
('02608', 'Hồng Lạc', 'Xã', '21 34 44N, 105 16 36E', '076'),
('02611', 'Phú Lương', 'Xã', '21 33 09N, 105 22 52E', '076'),
('02614', 'Ninh Lai', 'Xã', '21 33 18N, 105 30 30E', '076'),
('02617', 'Đại Phú', 'Xã', '21 32 16N, 105 25 26E', '076'),
('02620', 'Sơn Nam', 'Xã', '21 32 44N, 105 27 47E', '076'),
('02623', 'Hào Phú', 'Xã', '21 32 54N, 105 18 44E', '076'),
('02626', 'Tam Đa', 'Xã', '21 32 26N, 105 20 45E', '076'),
('02629', 'Sầm Dương', 'Xã', '21 32 36N, 105 17 20E', '076'),
('02632', 'Lâm Xuyên', 'Xã', '21 31 07N, 105 18 56E', '076'),
('02635', 'Duyên Hải', 'Phường', '22 30 00N, 103 57 21E', '080'),
('02638', 'Lào Cai', 'Phường', '22 30 37N, 103 58 59E', '080'),
('02641', 'Phố Mới', 'Phường', '22 29 55N, 103 59 08E', '080'),
('02644', 'Cốc Lếu', 'Phường', '22 29 45N, 103 58 03E', '080'),
('02647', 'Kim Tân', 'Phường', '22 48 47N, 103 58 25E', '080'),
('02650', 'Bắc Lệnh', 'Phường', '22 25 56N, 104 00 31E', '080'),
('02653', 'Pom Hán', 'Phường', '22 24 59N, 104 00 56E', '080'),
('02656', 'Xuân Tăng', 'Phường', '22 24 54N, 104 03 00E', '080'),
('02658', 'Bình Minh', 'Phường', '22 25 54N, 104 01 27E', '080'),
('02659', 'Thống Nhất', 'Phường', '22 24 00N, 104 02 47E', '080'),
('02662', 'Đồng Tuyển', 'Xã', '22 29 40N, 103 56 48E', '080'),
('02665', 'Vạn Hoà', 'Xã', '22 28 39N, 104 00 50E', '080'),
('02668', 'Bắc Cường', 'Phường', '22 27 19N, 103 58 39E', '080'),
('02671', 'Nam Cường', 'Phường', '22 26 25N, 103 59 22E', '080'),
('02674', 'Cam Đường', 'Xã', '22 24 50N, 103 59 37E', '080'),
('02677', 'Tả Phời', 'Xã', '22 22 33N, 103 57 26E', '080'),
('02680', 'Hợp Thành', 'Xã', '22 21 47N, 104 00 45E', '080'),
('02683', 'Bát Xát', 'Thị Trấn', '22 32 23N, 103 53 13E', '082'),
('02686', 'A Mú Sung', 'Xã', '22 44 05N, 103 38 32E', '082'),
('02689', 'Nậm Chạc', 'Xã', '22 42 29N, 103 41 25E', '082'),
('02692', 'A Lù', 'Xã', '22 42 29N, 103 35 47E', '082'),
('02695', 'Trịnh Tường', 'Xã', '22 39 38N, 103 43 26E', '082'),
('02698', 'Ngải Thầu', 'Xã', '22 40 41N, 103 36 46E', '082'),
('02701', 'Y Tý', 'Xã', '22 37 27N, 103 36 14E', '082'),
('02704', 'Cốc Mỳ', 'Xã', '22 36 41N, 103 45 12E', '082'),
('02707', 'Dền Sáng', 'Xã', '22 35 18N, 103 39 51E', '082'),
('02710', 'Bản Vược', 'Xã', '22 35 14N, 103 48 24E', '082'),
('02713', 'Sàng Ma Sáo', 'Xã', '22 33 20N, 103 38 02E', '082'),
('02716', 'Bản Qua', 'Xã', '22 32 42N, 103 51 36E', '082'),
('02719', 'Mường Vi', 'Xã', '22 32 40N, 103 47 53E', '082'),
('02722', 'Dền Thàng', 'Xã', '22 33 06N, 103 42 51E', '082'),
('02725', 'Bản Xèo', 'Xã', '22 31 41N, 103 45 06E', '082'),
('02728', 'Mường Hum', 'Xã', '22 30 49N, 103 41 16E', '082'),
('02731', 'Trung Lèng Hồ', 'Xã', '22 27 39N, 103 38 05E', '082'),
('02734', 'Quang Kim', 'Xã', '22 30 31N, 103 53 21E', '082'),
('02737', 'Pa Cheo', 'Xã', '22 29 21N, 103 46 32E', '082'),
('02740', 'Nậm Pung', 'Xã', '22 28 37N, 103 43 17E', '082'),
('02743', 'Phìn Ngan', 'Xã', '22 27 40N, 103 50 34E', '082'),
('02746', 'Cốc San', 'Xã', '22 27 31N, 103 56 05E', '082'),
('02749', 'Tòng Sành', 'Xã', '22 26 58N, 103 54 13E', '082'),
('02752', 'Pha Long', 'Xã', '22 48 33N, 104 13 56E', '083'),
('02755', 'Tả Ngải Chồ', 'Xã', '22 48 09N, 104 11 48E', '083'),
('02758', 'Tung Chung Phố', 'Xã', '22 46 44N, 104 08 45E', '083'),
('02761', 'Mường Khương', 'Xã', '22 46 15N, 104 06 12E', '083'),
('02764', 'Dìn Chin', 'Xã', '22 46 28N, 104 13 11E', '083'),
('02767', 'Tả Gia Khâu', 'Xã', '22 44 30N, 104 14 09E', '083'),
('02770', 'Nậm Chảy', 'Xã', '22 41 58N, 104 03 24E', '083'),
('02773', 'Nấm Lư', 'Xã', '22 43 51N, 104 09 05E', '083'),
('02776', 'Lùng Khấu Nhin', 'Xã', '22 42 10N, 104 09 23E', '083'),
('02779', 'Thanh Bình', 'Xã', '22 41 38N, 104 05 56E', '083'),
('02782', 'Cao Sơn', 'Xã', '22 38 33N, 104 09 35E', '083'),
('02785', 'Lùng Vai', 'Xã', '22 37 32N, 104 04 40E', '083'),
('02788', 'Bản Lầu', 'Xã', '22 34 33N, 104 02 40E', '083'),
('02791', 'La Pan Tẩn', 'Xã', '22 34 38N, 104 08 38E', '083'),
('02794', 'Tả Thàng', 'Xã', '22 34 15N, 104 10 56E', '083'),
('02797', 'Bản Sen', 'Xã', '22 34 12N, 104 06 06E', '083'),
('02800', 'Nàn Sán', 'Xã', '22 42 49N, 104 15 59E', '084'),
('02803', 'Thào Chư Phìn', 'Xã', '22 41 59N, 104 11 40E', '084'),
('02806', 'Bản Mế', 'Xã', '22 41 49N, 104 13 31E', '084'),
('02809', 'Si Ma Cai', 'Xã', '22 42 16N, 104 17 42E', '084'),
('02812', 'Sán Chải', 'Xã', '22 41 48N, 104 18 21E', '084'),
('02815', 'Mản Thẩn', 'Xã', '22 40 01N, 104 15 18E', '084'),
('02818', 'Lùng Sui', 'Xã', '22 39 39N, 104 20 13E', '084'),
('02821', 'Cán Cấu', 'Xã', '22 38 25N, 104 17 54E', '084'),
('02824', 'Sín Chéng', 'Xã', '22 38 34N, 104 13 03E', '084'),
('02827', 'Cán Hồ', 'Xã', '22 39 30N, 104 16 51E', '084'),
('02830', 'Quan Thần Sán', 'Xã', '22 38 12N, 104 15 50E', '084'),
('02833', 'Lử Thẩn', 'Xã', '22 37 14N, 104 19 47E', '084'),
('02836', 'Nàn Xín', 'Xã', '22 36 48N, 104 13 22E', '084'),
('02839', 'Bắc Hà', 'Thị Trấn', '22 32 24N, 104 17 29E', '085'),
('02842', 'Lùng Cải', 'Xã', '22 38 49N, 104 23 04E', '085'),
('02845', 'Bản Già', 'Xã', '22 37 06N, 104 24 17E', '085'),
('02848', 'Lùng Phình', 'Xã', '22 36 15N, 104 20 55E', '085'),
('02851', 'Tả Van Chư', 'Xã', '22 36 04N, 104 16 31E', '085'),
('02854', 'Tả Củ Tỷ', 'Xã', '22 35 43N, 104 25 41E', '085'),
('02857', 'Thải Giàng Phố', 'Xã', '22 32 46N, 104 21 42E', '085'),
('02860', 'Lầu Thí Ngài', 'Xã', '22 34 19N, 104 19 26E', '085'),
('02863', 'Hoàng Thu Phố', 'Xã', '22 33 46N, 104 13 56E', '085'),
('02866', 'Bản Phố', 'Xã', '22 33 28N, 104 15 59E', '085'),
('02869', 'Bản Liền', 'Xã', '22 31 09N, 104 23 20E', '085'),
('02872', 'Tà Chải', 'Xã', '22 32 18N, 104 18 05E', '085'),
('02875', 'Na Hối', 'Xã', '22 30 59N, 104 17 17E', '085'),
('02878', 'Cốc Ly', 'Xã', '22 29 51N, 104 12 55E', '085'),
('02881', 'Nậm Mòn', 'Xã', '22 29 00N, 104 15 37E', '085'),
('02884', 'Nậm Đét', 'Xã', '22 26 24N, 104 18 41E', '085'),
('02887', 'Nậm Khánh', 'Xã', '22 26 17N, 104 20 03E', '085'),
('02890', 'Bảo Nhai', 'Xã', '22 25 51N, 104 14 52E', '085'),
('02893', 'Nậm Lúc', 'Xã', '22 24 16N, 104 21 27E', '085'),
('02896', 'Cốc Lầu', 'Xã', '22 22 29N, 104 19 20E', '085'),
('02899', 'Bản Cái', 'Xã', '22 21 46N, 104 25 10E', '085'),
('02902', 'N.t Phong Hải', 'Thị Trấn', '22 28 26N, 104 07 52E', '086'),
('02905', 'Phố Lu', 'Thị Trấn', '22 19 51N, 104 11 25E', '086'),
('02908', 'Tằng Loỏng', 'Thị Trấn', '22 16 03N, 104 05 21E', '086'),
('02911', 'Bản Phiệt', 'Xã', '22 30 42N, 104 01 12E', '086'),
('02914', 'Bản Cầm', 'Xã', '22 30 39N, 104 05 07E', '086'),
('02917', 'Thái Niên', 'Xã', '22 24 27N, 104 06 24E', '086'),
('02920', 'Phong Niên', 'Xã', '22 24 25N, 104 11 50E', '086'),
('02923', 'Gia Phú', 'Xã', '22 20 23N, 104 04 05E', '086'),
('02926', 'Xuân Quang', 'Xã', '22 21 11N, 104 15 26E', '086'),
('02929', 'Sơn Hải', 'Xã', '22 20 21N, 104 08 15E', '086'),
('02932', 'Xuân Giao', 'Xã', '22 20 02N, 104 07 13E', '086'),
('02935', 'Trì Quang', 'Xã', '22 18 39N, 104 15 08E', '086'),
('02938', 'Sơn Hà', 'Xã', '22 17 19N, 104 11 25E', '086'),
('02941', 'Phố Lu', 'Xã', '22 17 57N, 104 13 07E', '086'),
('02944', 'Phú Nhuận', 'Xã', '22 14 57N, 104 08 35E', '086'),
('02947', 'Phố Ràng', 'Thị Trấn', '22 13 52N, 104 29 07E', '087'),
('02950', 'Tân Tiến', 'Xã', '22 26 39N, 104 25 48E', '087'),
('02953', 'Nghĩa Đô', 'Xã', '22 24 04N, 104 27 25E', '087'),
('02956', 'Vĩnh Yên', 'Xã', '22 22 03N, 104 30 53E', '087'),
('02959', 'Điện Quan', 'Xã', '22 19 07N, 104 20 33E', '087'),
('02962', 'Xuân Hoà', 'Xã', '22 18 10N, 104 31 04E', '087'),
('02965', 'Tân Dương', 'Xã', '22 17 22N, 104 27 41E', '087'),
('02968', 'Thượng Hà', 'Xã', '22 17 32N, 104 23 41E', '087'),
('02971', 'Kim Sơn', 'Xã', '22 15 54N, 104 18 24E', '087'),
('02974', 'Cam Cọn', 'Xã', '22 13 53N, 104 15 47E', '087'),
('02977', 'Minh Tân', 'Xã', '22 14 52N, 104 24 03E', '087'),
('02980', 'Xuân Thượng', 'Xã', '22 14 09N, 104 31 52E', '087'),
('02983', 'Việt Tiến', 'Xã', '22 12 46N, 104 35 09E', '087'),
('02986', 'Yên Sơn', 'Xã', '22 13 07N, 104 26 47E', '087'),
('02989', 'Bảo Hà', 'Xã', '22 11 25N, 104 22 04E', '087'),
('02992', 'Lương Sơn', 'Xã', '22 10 47N, 104 29 06E', '087'),
('02995', 'Long Phúc', 'Xã', '22 10 34N, 104 32 17E', '087'),
('02998', 'Long Khánh', 'Xã', '22 08 32N, 104 32 22E', '087'),
('03001', 'Sa Pa', 'Thị Trấn', '22 20 51N, 103 49 03E', '088'),
('03004', 'Bản Khoang', 'Xã', '22 25 58N, 103 47 37E', '088'),
('03007', 'Tả Giàng Phình', 'Xã', '22 26 06N, 103 45 35E', '088'),
('03010', 'Trung Chải', 'Xã', '22 23 40N, 103 53 37E', '088'),
('03013', 'Tả Phìn', 'Xã', '22 23 58N, 103 50 15E', '088'),
('03016', 'Sa Pả', 'Xã', '22 21 32N, 103 51 54E', '088'),
('03019', 'San Sả Hồ', 'Xã', '22 19 28N, 103 48 19E', '088'),
('03022', 'Bản Phùng', 'Xã', '22 18 46N, 103 59 41E', '088'),
('03025', 'Hầu Thào', 'Xã', '22 18 49N, 103 53 56E', '088'),
('03028', 'Lao Chải', 'Xã', '22 17 24N, 103 51 21E', '088'),
('03031', 'Thanh Kim', 'Xã', '22 17 27N, 103 57 30E', '088'),
('03034', 'Suối Thầu', 'Xã', '22 16 04N, 104 02 52E', '088'),
('03037', 'Sử Pán', 'Xã', '22 17 29N, 103 55 36E', '088'),
('03040', 'Tả Van', 'Xã', '22 14 30N, 103 53 06E', '088'),
('03043', 'Thanh Phú', 'Xã', '22 16 12N, 104 00 25E', '088'),
('03046', 'Bản Hồ', 'Xã', '22 12 40N, 103 55 48E', '088'),
('03049', 'Nậm Sài', 'Xã', '22 13 18N, 104 00 23E', '088'),
('03052', 'Nậm Cang', 'Xã', '22 11 20N, 104 01 29E', '088'),
('03055', 'Khánh Yên', 'Thị Trấn', '22 05 56N, 104 14 58E', '089'),
('03058', 'Văn Sơn', 'Xã', '22 14 10N, 104 12 21E', '089'),
('03061', 'Võ Lao', 'Xã', '22 11 35N, 104 11 45E', '089'),
('03064', 'Sơn Thuỷ', 'Xã', '22 09 46N, 104 16 26E', '089'),
('03067', 'Nậm Mả', 'Xã', '22 09 58N, 104 07 59E', '089'),
('03070', 'Tân Thượng', 'Xã', '22 09 14N, 104 19 05E', '089'),
('03073', 'Nậm Rạng', 'Xã', '22 08 40N, 104 11 53E', '089'),
('03076', 'Nậm Chầy', 'Xã', '22 07 44N, 104 03 46E', '089'),
('03079', 'Tân An', 'Xã', '22 07 36N, 104 22 29E', '089'),
('03082', 'Khánh Yên Thượng', 'Xã', '22 05 50N, 104 16 09E', '089'),
('03085', 'Nậm Xé', 'Xã', '22 02 36N, 103 59 57E', '089'),
('03088', 'Dần Thàng', 'Xã', '22 06 09N, 104 07 22E', '089'),
('03091', 'Chiềng Ken', 'Xã', '22 04 40N, 104 19 50E', '089'),
('03094', 'Làng Giàng', 'Xã', '22 04 50N, 104 13 29E', '089'),
('03097', 'Hoà Mạc', 'Xã', '22 04 53N, 104 10 46E', '089'),
('03100', 'Khánh Yên Trung', 'Xã', '22 01 44N, 104 15 19E', '089'),
('03103', 'Khánh Yên Hạ', 'Xã', '22 00 30N, 104 16 05E', '089'),
('03106', 'Dương Quỳ', 'Xã', '22 01 30N, 104 10 49E', '089'),
('03109', 'Nậm Tha', 'Xã', '21 58 25N, 104 22 41E', '089'),
('03112', 'Minh Lương', 'Xã', '22 01 24N, 104 03 29E', '089'),
('03115', 'Thẩm Dương', 'Xã', '22 01 41N, 104 06 37E', '089'),
('03118', 'Liêm Phú', 'Xã', '21 58 38N, 104 19 01E', '089'),
('03121', 'Nậm Xây', 'Xã', '21 56 49N, 104 06 36E', '089'),
('03124', 'Noong Bua', 'Phường', '21 23 55N, 103 03 21E', '094'),
('03127', 'Him Lam', 'Phường', '21 24 09N, 103 01 51E', '094'),
('03130', 'Thanh Bình', 'Phường', '21 23 59N, 103 00 35E', '094'),
('03133', 'Tân Thanh', 'Phường', '21 23 34N, 103 01 19E', '094'),
('03136', 'Mường Thanh', 'Phường', '21 23 10N, 103 01 10E', '094'),
('03139', 'Nam Thanh', 'Phường', '21 22 30N, 103 02 12E', '094'),
('03142', 'Thanh Trường', 'Phường', '21 23 59N, 103 00 05E', '094'),
('03144', 'Tà Lèng', 'Xã', '', '094'),
('03145', 'Thanh Minh', 'Xã', '21 25 52N, 103 03 17E', '094'),
('03148', 'Sông Đà', 'Phường', '22 04 30N, 103 06 51E', '095'),
('03151', 'Na Lay', 'Phường', '22 02 02N, 103 08 53E', '095'),
('03154', 'Sín Thầu', 'Xã', '22 25 09N, 102 16 29E', '096'),
('03155', 'Sen Thượng', 'Xã', '', '096'),
('03157', 'Chung Chải', 'Xã', '22 17 41N, 102 21 56E', '096'),
('03158', 'Leng Su Sìn', 'Xã', '', '096'),
('03159', 'Pá Mỳ', 'Xã', '', '096'),
('03160', 'Mường Nhé', 'Xã', '22 10 00N, 102 27 12E', '096'),
('03161', 'Nậm Vì', 'Xã', '', '096'),
('03162', 'Nậm Kè', 'Xã', '', '096'),
('03163', 'Mường Toong', 'Xã', '22 04 54N, 102 36 39E', '096'),
('03164', 'Quảng Lâm', 'Xã', '', '096'),
('03165', 'Pa Tần', 'Xã', '', '096'),
('03166', 'Chà Cang', 'Xã', '21 59 10N, 102 46 04E', '096'),
('03167', 'Na Cô Sa', 'Xã', '', '096'),
('03168', 'Nà Khoa', 'Xã', '', '096'),
('03169', 'Nà Hỳ', 'Xã', '21 47 26N, 103 42 16E', '096'),
('03170', 'Nà Bủng', 'Xã', '', '096'),
('03172', 'Mường Chà', 'Thị Trấn', '21 45 36N, 103 06 01E', '097'),
('03174', 'Nậm Khăn', 'Xã', '', '097'),
('03175', 'Chà Tở', 'Xã', '21 59 10N, 102 56 24E', '097'),
('03178', 'Xá Tổng', 'Xã', '22 00 08N, 103 13 36E', '097'),
('03181', 'Mường Tùng', 'Xã', '21 58 55N, 103 05 00E', '097'),
('03184', 'Lay Nưa', 'Xã', '22 00 39N, 103 06 36E', '095'),
('03187', 'Chà Nưa', 'Xã', '21 53 40N, 102 53 18E', '097'),
('03190', 'Hừa Ngài', 'Xã', '21 50 32N, 103 12 10E', '097'),
('03193', 'Pa Ham', 'Xã', '21 52 13N, 103 16 48E', '097'),
('03196', 'Huổi Lèng', 'Xã', '21 51 38N, 103 06 00E', '097'),
('03197', 'Sa Lông', 'Xã', '', '097'),
('03198', 'Phìn Hồ', 'Xã', '', '097'),
('03199', 'Si Pa Phìn', 'Xã', '21 46 38N, 102 56 52E', '097'),
('03200', 'Ma Thì Hồ', 'Xã', '', '097'),
('03201', 'Na Sang', 'Xã', '', '097'),
('03202', 'Mường Mươn', 'Xã', '21 41 22N, 103 04 24E', '097'),
('03203', 'Điện Biên Đông', 'Thị Trấn', '', '101'),
('03205', 'Na Son', 'Xã', '21 20 57N, 103 13 18E', '101'),
('03208', 'Phì Nhừ', 'Xã', '21 17 02N, 103 17 22E', '101'),
('03211', 'Chiềng Sơ', 'Xã', '21 17 07N, 103 23 30E', '101'),
('03214', 'Mường Luân', 'Xã', '21 14 42N, 103 21 08E', '101'),
('03217', 'Tủa Chùa', 'Thị Trấn', '21 51 30N, 103 20 16E', '098'),
('03220', 'Huổi Só', 'Xã', '22 04 49N, 103 24 56E', '098'),
('03223', 'Xín Chải', 'Xã', '22 05 56N, 103 20 14E', '098'),
('03226', 'Tả Sìn Thàng', 'Xã', '22 02 30N, 103 20 38E', '098'),
('03229', 'Lao Xả Phình', 'Xã', '22 00 01N, 103 17 47E', '098'),
('03232', 'Tả Phìn', 'Xã', '21 59 01N, 103 21 54E', '098'),
('03235', 'Tủa Thàng', 'Xã', '21 57 37N, 103 26 40E', '098'),
('03238', 'Trung Thu', 'Xã', '21 56 06N, 103 17 41E', '098'),
('03241', 'Sính Phình', 'Xã', '21 54 51N, 103 21 09E', '098'),
('03244', 'Sáng Nhè', 'Xã', '21 52 39N, 103 25 20E', '098'),
('03247', 'Mường Đun', 'Xã', '21 53 06N, 103 28 44E', '098'),
('03250', 'Mường Báng', 'Xã', '21 49 52N, 103 20 28E', '098'),
('03253', 'Tuần Giáo', 'Thị Trấn', '21 35 35N, 103 24 28E', '099'),
('03256', 'Mường Ảng', 'Thị Trấn', '21 31 32N, 103 13 01E', '102'),
('03259', 'Phình Sáng', 'Xã', '21 47 46N, 103 28 32E', '099'),
('03262', 'Mùn Chung', 'Xã', '21 45 28N, 103 23 28E', '099'),
('03265', 'Ta Ma', 'Xã', '21 43 40N, 103 32 20E', '099'),
('03268', 'Mường Mùn', 'Xã', '21 43 32N, 103 16 02E', '099'),
('03271', 'Pú Nhung', 'Xã', '21 42 04N, 103 27 30E', '099'),
('03274', 'Quài Nưa', 'Xã', '21 39 12N, 103 26 56E', '099'),
('03277', 'Mường Thín', 'Xã', '21 38 41N, 103 21 21E', '099'),
('03280', 'Tỏa Tình', 'Xã', '21 35 44N, 103 30 20E', '099'),
('03283', 'Nà Sáy', 'Xã', '21 37 07N, 103 09 38E', '099'),
('03286', 'Mường Đăng', 'Xã', '21 34 44N, 103 11 15E', '102'),
('03287', 'Ngối Cáy', 'Xã', '', '102'),
('03289', 'Quài Cang', 'Xã', '21 37 06N, 103 25 48E', '099'),
('03292', 'Ẳng Tở', 'Xã', '21 34 03N, 103 15 56E', '102'),
('03295', 'Quài Tở', 'Xã', '21 33 14N, 103 27 39E', '099'),
('03298', 'Chiềng Sinh', 'Xã', '21 31 49N, 103 22 21E', '099'),
('03301', 'Búng Lao', 'Xã', '21 29 29N, 103 20 20E', '102'),
('03302', 'Xuân Lao', 'Xã', '', '102'),
('03304', 'Tênh Phông', 'Xã', '21 29 52N, 103 25 33E', '099'),
('03307', 'Ẳng Nưa', 'Xã', '21 31 05N, 103 11 42E', '102'),
('03310', 'Ẳng Cang', 'Xã', '21 28 39N, 103 14 00E', '102'),
('03312', 'Nặm Lịch', 'Xã', '', '102'),
('03313', 'Mường Lạn', 'Xã', '21 27 12N, 103 16 09E', '102'),
('03316', 'Nà Tấu', 'Xã', '21 31 48N, 103 05 51E', '100'),
('03317', 'Nà Nhạn', 'Xã', '', '100'),
('03319', 'Mường Pồn', 'Xã', '21 33 06N, 102 59 28E', '100'),
('03322', 'Thanh Nưa', 'Xã', '21 27 13N, 102 57 13E', '100'),
('03325', 'Mường Phăng', 'Xã', '21 26 10N, 103 07 20E', '100'),
('03328', 'Thanh Luông', 'Xã', '21 24 44N, 102 57 40E', '100'),
('03331', 'Thanh Hưng', 'Xã', '21 22 50N, 102 57 17E', '100'),
('03334', 'Thanh Xương', 'Xã', '21 21 22N, 103 02 19E', '100'),
('03337', 'Thanh Chăn', 'Xã', '21 21 53N, 102 57 06E', '100'),
('03340', 'Pa Thơm', 'Xã', '21 18 26N, 102 55 43E', '100'),
('03343', 'Thanh An', 'Xã', '21 20 01N, 103 02 20E', '100'),
('03346', 'Thanh Yên', 'Xã', '21 20 14N, 102 58 37E', '100'),
('03349', 'Noong Luống', 'Xã', '21 18 04N, 102 58 33E', '100'),
('03352', 'Noọng Hẹt', 'Xã', '21 18 37N, 103 02 15E', '100'),
('03355', 'Sam Mứn', 'Xã', '21 16 03N, 103 00 10E', '100'),
('03358', 'Núa Ngam', 'Xã', '21 13 03N, 103 03 07E', '100'),
('03361', 'Na Ư', 'Xã', '21 11 58N, 102 56 04E', '100'),
('03364', 'Mường Nhà', 'Xã', '21 06 52N, 103 04 19E', '100'),
('03367', 'Mường Lói', 'Xã', '20 58 50N, 103 10 46E', '100'),
('03370', 'Pu Nhi', 'Xã', '21 20 45N, 103 09 07E', '101'),
('03371', 'Nong U', 'Xã', '', '101'),
('03373', 'Xa Dung', 'Xã', '21 22 48N, 103 19 06E', '101'),
('03376', 'Keo Lôm', 'Xã', '21 13 47N, 103 10 42E', '101'),
('03379', 'Luân Giới', 'Xã', '21 12 10N, 103 23 39E', '101'),
('03382', 'Phình Giàng', 'Xã', '21 07 36N, 103 12 45E', '101'),
('03383', 'Pú Hồng', 'Xã', '', '101'),
('03384', 'Tìa Dình', 'Xã', '', '101'),
('03385', 'Háng Lìa', 'Xã', '21 08 44N, 103 21 00E', '101'),
('03386', 'Quyết Thắng', 'Phường', '22 24 01N, 103 26 17E', '104'),
('03387', 'Tân Phong', 'Phường', '22 23 24N, 103 28 20E', '104'),
('03389', 'Đoàn Kết', 'Phường', '22 23 50N, 103 27 41E', '104'),
('03390', 'Tam Đường', 'Thị Trấn', '22 20 44N, 103 37 30E', '106'),
('03391', 'Lả Nhì Thàng', 'Xã', '', '109'),
('03394', 'Thèn Sin', 'Xã', '22 27 25N, 103 28 12E', '106'),
('03397', 'Sùng Phài', 'Xã', '22 25 46N, 103 26 57E', '106'),
('03400', 'Tả Lèng', 'Xã', '22 26 04N, 103 32 10E', '106'),
('03403', 'Nậm Loỏng', 'Xã', '22 23 52N, 103 23 55E', '104'),
('03405', 'Giang Ma', 'Xã', '', '106'),
('03406', 'Hồ Thầu', 'Xã', '22 23 00N, 103 34 14E', '106'),
('03409', 'San Thàng', 'Xã', '22 23 15N, 103 29 57E', '104'),
('03412', 'Bình Lư', 'Xã', '22 20 38N, 103 40 46E', '106'),
('03413', 'Sơn Bình', 'Xã', '', '106'),
('03415', 'Nùng Nàng', 'Xã', '22 21 22N, 103 27 09E', '106'),
('03418', 'Bản Giang', 'Xã', '22 19 06N, 103 30 44E', '106'),
('03421', 'Bản Hon', 'Xã', '22 18 27N, 103 33 30E', '106'),
('03424', 'Bản Bo', 'Xã', '22 16 56N, 103 43 03E', '106'),
('03427', 'Nà Tăm', 'Xã', '22 16 30N, 103 38 33E', '106'),
('03430', 'Khun Há', 'Xã', '22 13 47N, 103 35 46E', '106'),
('03433', 'Mường Tè', 'Thị Trấn', '22 22 46N, 102 48 40E', '107'),
('03436', 'Thu Lũm', 'Xã', '22 42 46N, 102 28 14E', '107'),
('03439', 'Ka Lăng', 'Xã', '22 38 45N, 102 29 10E', '107'),
('03442', 'Pa Ủ', 'Xã', '22 36 50N, 102 41 16E', '107'),
('03445', 'Mường Tè', 'Xã', '22 32 13N, 102 36 34E', '107'),
('03448', 'Pa Vệ Sử', 'Xã', '22 31 17N, 102 50 47E', '107'),
('03451', 'Mù Cả', 'Xã', '22 28 04N, 102 28 02E', '107'),
('03454', 'Bun Tở', 'Xã', '22 26 09N, 102 46 45E', '107'),
('03457', 'Nậm Khao', 'Xã', '22 26 36N, 102 40 31E', '107'),
('03460', 'Hua Bun', 'Xã', '22 22 18N, 103 00 54E', '107'),
('03463', 'Tà Tổng', 'Xã', '22 18 07N, 102 36 15E', '107'),
('03466', 'Bun Nưa', 'Xã', '22 21 51N, 102 54 19E', '107'),
('03469', 'Kan Hồ', 'Xã', '22 17 54N, 102 47 39E', '107'),
('03472', 'Mường Mô', 'Xã', '22 10 42N, 102 52 21E', '107'),
('03474', 'Nậm Manh', 'Xã', '', '107'),
('03475', 'Nậm Hàng', 'Xã', '22 09 20N, 103 01 01E', '107'),
('03478', 'Sìn Hồ', 'Thị Trấn', '22 21 05N, 103 15 07E', '108'),
('03481', 'Lê Lợi', 'Xã', '22 05 41N, 103 09 34E', '108'),
('03484', 'Pú Đao', 'Xã', '22 09 41N, 103 07 19E', '108'),
('03487', 'Chăn Nưa', 'Xã', '22 10 23N, 103 11 07E', '108'),
('03490', 'Huổi Luông', 'Xã', '22 32 36N, 103 12 33E', '109'),
('03493', 'Pa Tần', 'Xã', '22 28 25N, 103 09 12E', '108'),
('03496', 'Phìn Hồ', 'Xã', '22 27 33N, 103 16 43E', '108'),
('03499', 'Hồng Thu', 'Xã', '22 25 05N, 103 13 47E', '108'),
('03502', 'Nậm Ban', 'Xã', '22 22 32N, 103 06 30E', '108'),
('03505', 'Phăng Sô Lin', 'Xã', '22 21 41N, 103 16 04E', '108'),
('03508', 'Ma Quai', 'Xã', '22 22 04N, 103 21 23E', '108'),
('03511', 'Tả Phìn', 'Xã', '22 20 37N, 103 12 23E', '108'),
('03514', 'Sà Dề Phìn', 'Xã', '22 16 35N, 103 12 57E', '108'),
('03517', 'Nậm Tăm', 'Xã', '22 17 54N, 103 25 00E', '108'),
('03520', 'Tả Ngảo', 'Xã', '22 16 29N, 103 15 45E', '108'),
('03523', 'Pu Sam Cáp', 'Xã', '22 14 47N, 103 30 10E', '108'),
('03526', 'Nậm Cha', 'Xã', '22 13 12N, 103 23 38E', '108'),
('03529', 'Làng Mô', 'Xã', '22 12 45N, 103 15 49E', '108'),
('03532', 'Noong Hẻo', 'Xã', '22 12 04N, 103 30 16E', '108'),
('03535', 'Nậm Mạ', 'Xã', '22 09 49N, 103 22 22E', '108'),
('03538', 'Căn Co', 'Xã', '22 09 05N, 103 26 46E', '108'),
('03541', 'Tủa Sín Chải', 'Xã', '22 06 50N, 103 16 34E', '108'),
('03544', 'Nậm Cuổi', 'Xã', '22 07 06N, 103 31 35E', '108'),
('03547', 'Nậm Hăn', 'Xã', '22 02 00N, 103 28 41E', '108'),
('03549', 'Phong Thổ', 'Thị Trấn', '22 31 00N, 103 19 53E', '109'),
('03550', 'Sì Lờ Lầu', 'Xã', '22 46 22N, 103 21 34E', '109'),
('03553', 'Mồ Sì San', 'Xã', '22 45 01N, 103 23 22E', '109'),
('03556', 'Ma Li Chải', 'Xã', '22 43 46N, 103 18 13E', '109'),
('03559', 'Pa Vây Sử', 'Xã', '22 43 28N, 103 23 46E', '109'),
('03562', 'Vàng Ma Chải', 'Xã', '22 42 28N, 103 19 01E', '109'),
('03565', 'Tông Qua Lìn', 'Xã', '22 41 19N, 103 23 57E', '109'),
('03568', 'Mù Sang', 'Xã', '22 39 21N, 103 16 55E', '109'),
('03571', 'Dào San', 'Xã', '22 39 21N, 103 23 24E', '109'),
('03574', 'Ma Ly Pho', 'Xã', '22 37 29N, 103 13 38E', '109'),
('03577', 'Bản Lang', 'Xã', '22 36 17N, 103 24 45E', '109'),
('03580', 'Hoang Thèn', 'Xã', '22 35 47N, 103 18 09E', '109'),
('03583', 'Khổng Lào', 'Xã', '22 34 26N, 103 20 52E', '109'),
('03586', 'Nậm Xe', 'Xã', '22 32 59N, 103 28 26E', '109'),
('03589', 'Mường So', 'Xã', '22 30 58N, 103 21 12E', '109'),
('03592', 'Sin Suối Hồ', 'Xã', '22 32 23N, 103 31 47E', '109'),
('03595', 'Than Uyên', 'Thị Trấn', '21 58 07N, 103 53 17E', '110'),
('03598', 'Tân Uyên', 'Thị Trấn', '22 11 57N, 103 47 06E', '111'),
('03601', 'Mường Khoa', 'Xã', '22 13 15N, 103 43 02E', '111'),
('03602', 'Phúc Khoa', 'Xã', '', '111'),
('03604', 'Thân Thuộc', 'Xã', '22 09 53N, 103 43 51E', '111'),
('03605', 'Trung Đồng', 'Xã', '', '111'),
('03607', 'Hố Mít', 'Xã', '22 07 42N, 103 53 31E', '111'),
('03610', 'Nậm Cần', 'Xã', '22 06 19N, 103 41 39E', '111'),
('03613', 'Nậm Sỏ', 'Xã', '22 04 30N, 103 35 38E', '111'),
('03616', 'Pắc Ta', 'Xã', '22 04 55N, 103 50 15E', '111'),
('03618', 'Phúc Than', 'Xã', '', '110'),
('03619', 'Mường Than', 'Xã', '22 00 44N, 103 55 15E', '110'),
('03622', 'Tà Mít', 'Xã', '22 00 29N, 103 42 58E', '111'),
('03625', 'Mường Mít', 'Xã', '22 00 38N, 103 49 24E', '110'),
('03628', 'Pha Mu', 'Xã', '21 55 24N, 103 45 01E', '110'),
('03631', 'Mường Cang', 'Xã', '21 56 29N, 103 52 53E', '110'),
('03632', 'Hua Nà', 'Xã', '', '110'),
('03634', 'Tà Hừa', 'Xã', '21 52 30N, 103 45 45E', '110'),
('03637', 'Mường Kim', 'Xã', '21 50 50N, 103 52 53E', '110'),
('03638', 'Tà Mung', 'Xã', '', '110'),
('03640', 'Tà Gia', 'Xã', '21 47 52N, 103 48 41E', '110'),
('03643', 'Khoen On', 'Xã', '21 46 16N, 103 53 30E', '110'),
('03646', 'Chiềng Lề', 'Phường', '21 20 39N, 103 54 20E', '116'),
('03649', 'Tô Hiệu', 'Phường', '21 19 46N, 103 54 43E', '116'),
('03652', 'Quyết Thắng', 'Phường', '21 19 44N, 103 55 46E', '116'),
('03655', 'Quyết Tâm', 'Phường', '21 18 28N, 103 55 44E', '116'),
('03658', 'Chiềng Cọ', 'Xã', '21 18 41N, 103 50 41E', '116'),
('03661', 'Chiềng Đen', 'Xã', '21 23 39N, 103 51 23E', '116'),
('03664', 'Chiềng Xôm', 'Xã', '21 22 57N, 103 55 49E', '116'),
('03667', 'Chiềng An', 'Phường', '21 20 50N, 103 54 23E', '116'),
('03670', 'Chiềng Cơi', 'Xã', '21 18 41N, 103 54 37E', '116'),
('03673', 'Chiềng Ngần', 'Xã', '21 18 26N, 103 58 56E', '116'),
('03676', 'Hua La', 'Xã', '21 16 49N, 103 53 35E', '116'),
('03679', 'Chiềng Sinh', 'Phường', '21 16 56N, 103 57 58E', '116'),
('03682', 'Mường Chiên', 'Xã', '21 51 29N, 103 35 06E', '118'),
('03685', 'Cà Nàng', 'Xã', '21 56 44N, 103 33 29E', '118'),
('03688', 'Chiềng Khay', 'Xã', '21 55 04N, 103 39 09E', '118'),
('03691', 'Pha Khinh', 'Xã', '21 47 23N, 103 35 25E', '118'),
('03694', 'Mường Giôn', 'Xã', '21 44 56N, 103 43 16E', '118'),
('03697', 'Pắc Ma', 'Xã', '21 45 15N, 103 36 53E', '118'),
('03700', 'Chiềng Ơn', 'Xã', '21 39 21N, 103 44 56E', '118'),
('03703', 'Mường Giàng', 'Xã', '21 38 54N, 103 35 35E', '118'),
('03706', 'Chiềng Bằng', 'Xã', '21 38 47N, 103 40 12E', '118'),
('03709', 'Mường Sại', 'Xã', '21 37 33N, 103 42 28E', '118'),
('03712', 'Nậm Ét', 'Xã', '21 34 20N, 103 45 36E', '118'),
('03715', 'Liệp Muội', 'Xã', '21 34 14N, 103 41 48E', '118'),
('03718', 'Chiềng Khoang', 'Xã', '21 33 26N, 103 41 00E', '118'),
('03721', 'Thuận Châu', 'Thị Trấn', '21 25 43N, 103 40 45E', '119'),
('03724', 'Phỏng Lái', 'Xã', '21 34 41N, 103 35 38E', '119'),
('03727', 'Mường É', 'Xã', '21 30 40N, 103 32 43E', '119'),
('03730', 'Chiềng Pha', 'Xã', '21 30 29N, 103 38 22E', '119'),
('03733', 'Chiềng La', 'Xã', '21 30 44N, 103 41 37E', '119'),
('03736', 'Chiềng Ngàm', 'Xã', '21 30 11N, 103 45 37E', '119'),
('03739', 'Liệp Tè', 'Xã', '21 30 48N, 103 53 39E', '119'),
('03742', 'É Tòng', 'Xã', '21 28 29N, 103 29 06E', '119'),
('03745', 'Phỏng Lập', 'Xã', '21 28 17N, 103 35 40E', '119'),
('03748', 'Phỏng Lặng', 'Xã', '21 27 38N, 103 39 55E', '119'),
('03751', 'Chiềng Ly', 'Xã', '21 27 43N, 103 42 07E', '119'),
('03754', 'Nong Lay', 'Xã', '21 29 10N, 103 44 09E', '119'),
('03757', 'Mường Khiêng', 'Xã', '21 29 11N, 103 53 07E', '119'),
('03760', 'Mường Bám', 'Xã', '21 22 34N, 103 23 06E', '119'),
('03763', 'Long Hẹ', 'Xã', '21 25 10N, 103 30 20E', '119'),
('03766', 'Chiềng Bôm', 'Xã', '21 24 24N, 103 37 47E', '119'),
('03769', 'Thôn Mòn', 'Xã', '21 25 11N, 103 43 12E', '119'),
('03772', 'Tòng Lệnh', 'Xã', '21 26 20N, 103 44 04E', '119'),
('03775', 'Tòng Cọ', 'Xã', '21 25 56N, 103 47 12E', '119'),
('03778', 'Bó Mười', 'Xã', '21 27 48N, 103 49 25E', '119'),
('03781', 'Co Mạ', 'Xã', '21 20 09N, 103 31 12E', '119'),
('03784', 'Púng Tra', 'Xã', '21 23 10N, 103 41 09E', '119'),
('03787', 'Chiềng Pấc', 'Xã', '21 23 59N, 103 46 02E', '119'),
('03790', 'Nậm Lầu', 'Xã', '21 19 18N, 103 42 18E', '119'),
('03793', 'Bon Phặng', 'Xã', '21 22 00N, 103 46 23E', '119'),
('03796', 'Co Tòng', 'Xã', '21 18 08N, 103 30 34E', '119'),
('03799', 'Muội Nọi', 'Xã', '21 19 48N, 103 48 17E', '119'),
('03802', 'Pá Lông', 'Xã', '21 15 06N, 103 32 27E', '119'),
('03805', 'Bản Lầm', 'Xã', '21 15 26N, 103 47 23E', '119'),
('03808', 'Ít Ong', 'Thị Trấn', '21 30 36N, 104 00 09E', '120'),
('03811', 'Nậm Giôn', 'Xã', '21 38 29N, 103 49 23E', '120'),
('03814', 'Chiềng Lao', 'Xã', '21 38 36N, 103 53 31E', '120'),
('03817', 'Hua Trai', 'Xã', '21 37 26N, 104 00 52E', '120'),
('03820', 'Ngọc Chiến', 'Xã', '21 35 48N, 104 10 48E', '120'),
('03823', 'Mường Trai', 'Xã', '21 34 16N, 103 56 00E', '120'),
('03826', 'Nậm Păm', 'Xã', '21 33 59N, 104 04 43E', '120'),
('03829', 'Chiềng Muôn', 'Xã', '21 31 27N, 104 07 52E', '120'),
('03832', 'Chiềng Ân', 'Xã', '21 30 14N, 104 12 56E', '120'),
('03835', 'Pi Toong', 'Xã', '21 32 53N, 103 59 19E', '120'),
('03838', 'Chiềng Công', 'Xã', '21 26 46N, 104 13 49E', '120'),
('03841', 'Tạ Bú', 'Xã', '21 26 37N, 104 02 48E', '120'),
('03844', 'Chiềng San', 'Xã', '21 28 41N, 104 04 36E', '120'),
('03847', 'Mường Bú', 'Xã', '21 24 39N, 103 59 46E', '120'),
('03850', 'Chiềng Hoa', 'Xã', '21 25 13N, 104 08 37E', '120'),
('03853', 'Mường Chùm', 'Xã', '21 21 28N, 104 06 28E', '120'),
('03856', 'Bắc Yên', 'Thị Trấn', '21 14 30N, 104 26 31E', '121'),
('03859', 'Phiêng Ban', 'Xã', '21 14 35N, 104 23 52E', '121'),
('03862', 'Hang Chú', 'Xã', '21 22 08N, 104 17 22E', '121'),
('03865', 'Xín Vàng', 'Xã', '21 20 17N, 104 21 22E', '121'),
('03868', 'Tà Xùa', 'Xã', '21 19 37N, 104 29 25E', '121'),
('03869', 'Háng Đồng', 'Xã', '', '121'),
('03871', 'Bắc Ngà', 'Xã', '21 20 03N, 104 12 54E', '121'),
('03874', 'Làng Chếu', 'Xã', '21 17 05N, 104 22 10E', '121'),
('03877', 'Chim Vàn', 'Xã', '21 15 47N, 104 17 48E', '121'),
('03880', 'Mường Khoa', 'Xã', '21 11 24N, 104 17 23E', '121'),
('03883', 'Song Pe', 'Xã', '21 10 09N, 104 25 56E', '121'),
('03886', 'Hồng Ngài', 'Xã', '21 10 01N, 104 28 38E', '121'),
('03889', 'Tạ Khoa', 'Xã', '21 09 16N, 104 22 44E', '121'),
('03890', 'Hua Nhàn', 'Xã', '', '121'),
('03892', 'Phiêng Kôn', 'Xã', '21 05 07N, 104 25 46E', '121'),
('03895', 'Chiềng Sại', 'Xã', '21 04 11N, 104 30 24E', '121'),
('03898', 'Phù Yên', 'Thị Trấn', '21 15 51N, 104 38 37E', '122'),
('03901', 'Suối Tọ', 'Xã', '21 19 21N, 104 35 02E', '122'),
('03904', 'Mường Thải', 'Xã', '21 20 46N, 104 41 30E', '122'),
('03907', 'Mường Cơi', 'Xã', '21 19 11N, 104 45 20E', '122'),
('03910', 'Quang Huy', 'Xã', '21 18 10N, 104 38 43E', '122'),
('03913', 'Huy Bắc', 'Xã', '21 15 45N, 104 36 14E', '122'),
('03916', 'Huy Thượng', 'Xã', '21 16 41N, 104 41 34E', '122'),
('03919', 'Tân Lang', 'Xã', '21 16 10N, 104 46 11E', '122'),
('03922', 'Gia Phù', 'Xã', '21 12 21N, 104 34 28E', '122'),
('03925', 'Tường Phù', 'Xã', '21 12 38N, 104 36 52E', '122'),
('03928', 'Huy Hạ', 'Xã', '21 13 46N, 104 38 45E', '122'),
('03931', 'Huy Tân', 'Xã', '21 14 36N, 104 41 17E', '122'),
('03934', 'Mường Lang', 'Xã', '21 14 22N, 104 47 35E', '122'),
('03937', 'Suối Bau', 'Xã', '21 11 20N, 104 32 28E', '122'),
('03940', 'Huy Tường', 'Xã', '21 11 55N, 104 40 16E', '122'),
('03943', 'Mường Do', 'Xã', '21 11 45N, 104 47 02E', '122'),
('03946', 'Sập Xa', 'Xã', '21 09 23N, 104 32 14E', '122'),
('03949', 'Tường Thượng', 'Xã', '21 10 35N, 104 37 49E', '122'),
('03952', 'Tường Tiến', 'Xã', '21 09 03N, 104 40 29E', '122'),
('03955', 'Tường Phong', 'Xã', '21 08 23N, 104 42 17E', '122'),
('03958', 'Tường Hạ', 'Xã', '21 08 34N, 104 38 10E', '122'),
('03961', 'Kim Bon', 'Xã', '21 07 21N, 104 36 52E', '122'),
('03964', 'Mường Bang', 'Xã', '21 07 02N, 104 49 07E', '122'),
('03967', 'Đá Đỏ', 'Xã', '21 05 12N, 104 33 48E', '122'),
('03970', 'Tân Phong', 'Xã', '21 05 29N, 104 43 06E', '122'),
('03973', 'Nam Phong', 'Xã', '21 04 19N, 104 47 59E', '122'),
('03976', 'Bắc Phong', 'Xã', '21 03 40N, 104 39 08E', '122'),
('03979', 'Mộc Châu', 'Thị Trấn', '20 51 12N, 104 37 01E', '123'),
('03982', 'Nt Mộc Châu', 'Thị Trấn', '20 52 18N, 104 42 28E', '123'),
('03985', 'Chiềng Sơn', 'Xã', '20 43 49N, 104 34 35E', '123'),
('03988', 'Tân Hợp', 'Xã', '21 00 55N, 104 37 07E', '123'),
('03991', 'Qui Hướng', 'Xã', '21 00 36N, 104 44 42E', '123'),
('03994', 'Suối Bàng', 'Xã', '20 58 53N, 104 48 30E', '123'),
('03997', 'Tân Lập', 'Xã', '20 57 14N, 104 35 12E', '123'),
('04000', 'Nà Mường', 'Xã', '20 57 06N, 104 43 32E', '123'),
('04003', 'Tà Lai', 'Xã', '20 57 37N, 104 40 50E', '123'),
('04006', 'Song Khủa', 'Xã', '20 56 32N, 104 53 20E', '123'),
('04009', 'Liên Hoà', 'Xã', '20 59  28N, 104 52 31E', '123'),
('04012', 'Chiềng Hắc', 'Xã', '20 54 46N, 104 31 48E', '123'),
('04015', 'Hua Păng', 'Xã', '20 54 30N, 104 46 20E', '123'),
('04018', 'Tô Múa', 'Xã', '20 53 33N, 104 50 52E', '123'),
('04021', 'Mường Tè', 'Xã', '20 53 41N, 104 54 57E', '123'),
('04024', 'Chiềng Khừa', 'Xã', '20 49 57N, 104 28 36E', '123'),
('04027', 'Mường Sang', 'Xã', '20 48 56N, 104 35 19E', '123'),
('04030', 'Đông Sang', 'Xã', '20 50 15N, 104 38 13E', '123'),
('04033', 'Phiêng Luông', 'Xã', '20 50 21N, 104 43 11E', '123'),
('04036', 'Chiềng Khoa', 'Xã', '20 49 50N, 104 49 18E', '123'),
('04039', 'Mường Men', 'Xã', '20 49 47N, 104 54 47E', '123'),
('04042', 'Quang Minh', 'Xã', '20 51 47N, 104 57 23E', '123'),
('04045', 'Lóng Sập', 'Xã', '20 46 42N, 104 31 38E', '123'),
('04048', 'Vân Hồ', 'Xã', '20 47 09N, 104 44 13E', '123'),
('04051', 'Lóng Luông', 'Xã', '20 46 34N, 104 51 49E', '123'),
('04054', 'Chiềng Yên', 'Xã', '20 46 16N, 104 57 36E', '123'),
('04056', 'Chiềng Xuân', 'Xã', '', '123'),
('04057', 'Xuân Nha', 'Xã', '20 40 21N, 104 44 32E', '123'),
('04058', 'Tân Xuân', 'Xã', '', '123'),
('04060', 'Yên Châu', 'Thị Trấn', '21 02 49N, 104 17 52E', '124'),
('04063', 'Chiềng Đông', 'Xã', '21 08 20N, 104 15 10E', '124'),
('04066', 'Sập Vạt', 'Xã', '21 04 56N, 104 20 26E', '124'),
('04069', 'Chiềng Sàng', 'Xã', '21 04 19N, 104 14 09E', '124'),
('04072', 'Chiềng Pằn', 'Xã', '21 03 24N, 104 15 53E', '124'),
('04075', 'Viêng Lán', 'Xã', '21 02 56N, 104 17 09E', '124'),
('04078', 'Chiềng Hặc', 'Xã', '21 00 56N, 104 23 42E', '124'),
('04081', 'Mường Lựm', 'Xã', '21 00 03N, 104 29 36E', '124'),
('04084', 'Chiềng On', 'Xã', '20 58 42N, 104 10 41E', '124'),
('04087', 'Yên Sơn', 'Xã', '21 01 57N, 104 11 51E', '124'),
('04090', 'Chiềng Khoi', 'Xã', '21 00 28N, 104 18 33E', '124'),
('04093', 'Tú Nang', 'Xã', '20 56 44N, 104 26 20E', '124'),
('04096', 'Lóng Phiêng', 'Xã', '20 55 17N, 104 22 18E', '124'),
('04099', 'Phiêng Khoài', 'Xã', '20 57 31N, 104 16 53E', '124'),
('04102', 'Chiềng Tương', 'Xã', '20 51 04N, 104 22 54E', '124'),
('04105', 'Hát Lót', 'Thị Trấn', '21 11 35N, 104 06 07E', '125'),
('04108', 'Chiềng Sung', 'Xã', '21 19 36N, 104 04 46E', '125'),
('04111', 'Mường Bằng', 'Xã', '21 18 10N, 104 02 16E', '125'),
('04114', 'Chiềng Chăn', 'Xã', '21 18 03N, 104 09 49E', '125'),
('04117', 'Mương Tranh', 'Xã', '21 14 15N, 103 50 48E', '125'),
('04120', 'Chiềng Ban', 'Xã', '21 14 20N, 103 55 57E', '125'),
('04123', 'Chiềng Mung', 'Xã', '21 12 34N, 103 59 54E', '125'),
('04126', 'Mường Bon', 'Xã', '21 14 27N, 104 04 18E', '125'),
('04129', 'Chiềng Chung', 'Xã', '21 12 22N, 103 52 54E', '125'),
('04132', 'Chiềng Mai', 'Xã', '21 12 24N, 103 59 32E', '125'),
('04135', 'Hát Lót', 'Xã', '21 10 43N, 104 04 09E', '125'),
('04136', 'Nà Bó', 'Xã', '', '125'),
('04138', 'Cò Nòi', 'Xã', '21 08 06N, 104 09 49E', '125'),
('04141', 'Chiềng Nơi', 'Xã', '21 11 11N, 103 46 56E', '125'),
('04144', 'Phiêng Cằm', 'Xã', '21 06 16N, 103 52 50E', '125'),
('04147', 'Chiềng Dong', 'Xã', '21 10 14N, 103 56 25E', '125'),
('04150', 'Chiềng Kheo', 'Xã', '21 09 13N, 103 58 50E', '125'),
('04153', 'Chiềng Ve', 'Xã', '21 08 45N, 104 01 31E', '125'),
('04156', 'Chiềng Lương', 'Xã', '21 04 56N, 104 07 17E', '125'),
('04159', 'Phiêng Pằn', 'Xã', '21 01 59N, 104 04 00E', '125'),
('04162', 'Nà Ơt', 'Xã', '21 04 05N, 103 58 28E', '125'),
('04165', 'Tà Hộc', 'Xã', '21 14 47N, 104 13 07E', '125'),
('04168', 'Sông Mã', 'Thị Trấn', '21 03 09N, 103 45 16E', '126'),
('04171', 'Bó Sinh', 'Xã', '21 17 02N, 103 28 49E', '126'),
('04174', 'Pú Pẩu', 'Xã', '21 15 18N, 103 27 03E', '126'),
('04177', 'Chiềng Phung', 'Xã', '21 15 56N, 103 36 17E', '126'),
('04180', 'Chiềng En', 'Xã', '21 11 56N, 103 29 46E', '126'),
('04183', 'Mường Lầm', 'Xã', '21 11 33N, 103 34 00E', '126'),
('04186', 'Nậm Ty', 'Xã', '21 12 00N, 103 40 33E', '126'),
('04189', 'Đứa Mòn', 'Xã', '21 06 45N, 103 28 20E', '126'),
('04192', 'Yên Hưng', 'Xã', '21 07 56N, 103 33 29E', '126'),
('04195', 'Chiềng Sơ', 'Xã', '21 07 30N, 103 38 48E', '126'),
('04198', 'Nà Ngựu', 'Xã', '21 05 20N, 103 44 01E', '126'),
('04201', 'Nậm Mằn', 'Xã', '23 03 41N, 103 35 11E', '126'),
('04204', 'Chiềng Khoong', 'Xã', '21 00 43N, 103 48 07E', '126'),
('04207', 'Chiềng Cang', 'Xã', '20 59 56N, 103 53 28E', '126'),
('04210', 'Huổi Một', 'Xã', '21 00 38N, 103 39 42E', '126'),
('04213', 'Mường Sai', 'Xã', '20 59 06N, 104 00 35E', '126'),
('04216', 'Mường Cai', 'Xã', '20 54 42N, 103 44 11E', '126'),
('04219', 'Mường Hung', 'Xã', '20 55 11N, 103 50 51E', '126'),
('04222', 'Chiềng Khương', 'Xã', '20 56 07N, 103 58 35E', '126'),
('04225', 'Sam Kha', 'Xã', '21 03 31N, 103 22 17E', '127'),
('04228', 'Púng Bánh', 'Xã', '20 59 49N, 103 29 10E', '127'),
('04231', 'Xốp Cộp', 'Xã', '20 57 21N, 103 37 09E', '127'),
('04234', 'Dồm Cang', 'Xã', '20 57 36N, 103 34 09E', '127'),
('04237', 'Nậm Lạnh', 'Xã', '20 51 42N, 103 30 46E', '127'),
('04240', 'Mường Lèo', 'Xã', '20 53 55N, 103 20 11E', '127'),
('04243', 'Mường Và', 'Xã', '20 50 41N, 103 36 27E', '127'),
('04246', 'Mường Lạn', 'Xã', '20 45 40N, 103 42 15E', '127'),
('04249', 'Yên Thịnh', 'Phường', '21 43 59N, 104 55 31E', '132'),
('04252', 'Yên Ninh', 'Phường', '21 42 54N, 104 53 52E', '132'),
('04255', 'Minh Tân', 'Phường', '21 43 26N, 104 53 50E', '132'),
('04258', 'Nguyễn Thái Học', 'Phường', '21 42 42N, 104 52 35E', '132'),
('04261', 'Đồng Tâm', 'Phường', '21 43 16N, 104 54 49E', '132'),
('04264', 'Nguyễn Phúc', 'Phường', '21 42 32N, 104 52 03E', '132'),
('04267', 'Hồng Hà', 'Phường', '21 42 06N, 104 52 28E', '132'),
('04270', 'Minh Bảo', 'Xã', '21 45 44N, 104 54 19E', '132'),
('04273', 'Nam Cường', 'Xã', '21 43 40N, 104 52 25E', '132'),
('04276', 'Tuy Lộc', 'Xã', '21 43 32N, 104 51 03E', '132'),
('04279', 'Tân Thịnh', 'Xã', '21 42 45N, 104 56 05E', '132'),
('04282', 'Pú Trạng', 'Phường', '21 36 06N, 104 29 21E', '133'),
('04285', 'Trung Tâm', 'Phường', '21 36 13N, 104 30 38E', '133'),
('04288', 'Tân An', 'Phường', '21 35 30N, 104 30 19E', '133'),
('04291', 'Cầu Thia', 'Phường', '21 35 15N, 104 31 02E', '133'),
('04294', 'Nghĩa Lợi', 'Xã', '21 36 45N, 104 30 44E', '133'),
('04297', 'Nghĩa Phúc', 'Xã', '21 37 13N, 104 29 39E', '133'),
('04300', 'Nghĩa An', 'Xã', '21 34 52N, 104 29 00E', '133'),
('04303', 'Yên Thế', 'Thị Trấn', '22 05 55N, 104 45 52E', '135'),
('04306', 'Tân Phượng', 'Xã', '22 15 20N, 104 37 12E', '135'),
('04309', 'Lâm Thượng', 'Xã', '22 13 05N, 104 40 36E', '135'),
('04312', 'Khánh Thiện', 'Xã', '22 14 03N, 104 42 04E', '135'),
('04315', 'Minh Chuẩn', 'Xã', '22 10 48N, 104 38 09E', '135'),
('04318', 'Mai Sơn', 'Xã', '12 10 47N, 104 43 14E', '135'),
('04321', 'Khai Trung', 'Xã', '22 10 39N, 104 40 20E', '135'),
('04324', 'Mường Lai', 'Xã', '22 08 57N, 104 49 10E', '135'),
('04327', 'An Lạc', 'Xã', '22 08 38N, 104 36 47E', '135'),
('04330', 'Minh Xuân', 'Xã', '22 09 01N, 104 46 29E', '135'),
('04333', 'Tô Mậu', 'Xã', '22 08 13N, 104 39 42E', '135'),
('04336', 'Tân Lĩnh', 'Xã', '22 07 35N, 104 43 11E', '135'),
('04339', 'Yên Thắng', 'Xã', '22 06 40N, 104 44 50E', '135'),
('04342', 'Khánh Hoà', 'Xã', '22 05 02N, 104 36 54E', '135'),
('04345', 'Vĩnh Lạc', 'Xã', '22 05 50N, 104 50 53E', '135'),
('04348', 'Liễu Đô', 'Xã', '22 04 57N, 104 48 08E', '135'),
('04351', 'Động Quan', 'Xã', '22 04 47N, 104 41 13E', '135'),
('04354', 'Tân Lập', 'Xã', '22 03 09N, 104 45 21E', '135'),
('04357', 'Minh Tiến', 'Xã', '22 02 57N, 104 50 17E', '135'),
('04360', 'Trúc Lâu', 'Xã', '22 02 46N, 104 38 37E', '135'),
('04363', 'Phúc Lợi', 'Xã', '22 00 38N, 104 41 59E', '135'),
('04366', 'Phan Thanh', 'Xã', '21 59 26N, 104 47 52E', '135'),
('04369', 'An Phú', 'Xã', '21 58 58N, 104 50 09E', '135'),
('04372', 'Trung Tâm', 'Xã', '21 58 19N, 104 45 06E', '135'),
('04375', 'Mậu A', 'Thị Trấn', '21 52 41N, 104 41 44E', '136'),
('04378', 'Lang Thíp', 'Xã', '22 08 39N, 104 26 01E', '136'),
('04381', 'Lâm Giang', 'Xã', '22 04 47N, 104 31 16E', '136'),
('04384', 'Châu Quế Thượng', 'Xã', '22 02 54N, 104 25 10E', '136'),
('04387', 'Châu Quế Hạ', 'Xã', '22 05 35N, 104 29 14E', '136'),
('04390', 'An Bình', 'Xã', '22 00 23N, 104 34 29E', '136'),
('04393', 'Quang Minh', 'Xã', '21 58 49N, 104 37 56E', '136'),
('04396', 'Đông An', 'Xã', '21 57 41N, 104 33 27E', '136'),
('04399', 'Đông Cuông', 'Xã', '21 57 06N, 104 36 43E', '136'),
('04402', 'Phong Dụ Hạ', 'Xã', '21 55 39N, 104 27 21E', '136'),
('04405', 'Mậu Đông', 'Xã', '21 55 31N, 104 39 46E', '136'),
('04408', 'Ngòi A', 'Xã', '21 15 09N, 104 42 30E', '136'),
('04411', 'Xuân Tầm', 'Xã', '21 52 52N, 104 31 06E', '136'),
('04414', 'Tân Hợp', 'Xã', '21 53 14N, 104 35 09E', '136'),
('04417', 'An Thịnh', 'Xã', '21 52 32N, 104 38 36E', '136'),
('04420', 'Yên Thái', 'Xã', '21 53 17N, 104 45 01E', '136'),
('04423', 'Phong Dụ Thượng', 'Xã', '21 49 27N, 104 25 39E', '136'),
('04426', 'Yên Hợp', 'Xã', '21 50 57N, 104 41 59E', '136'),
('04429', 'Đại Sơn', 'Xã', '21 49 17N, 104 34 35E', '136'),
('04432', 'Yên Hưng', 'Xã', '21 51 08N, 104 44 40E', '136'),
('04435', 'Đại Phác', 'Xã', '21 50 06N, 104 38 43E', '136'),
('04438', 'Yên Phú', 'Xã', '21 50 16N, 104 40 22E', '136'),
('04441', 'Xuân Ái', 'Xã', '21 49 10N, 104 43 08E', '136'),
('04444', 'Hoàng Thắng', 'Xã', '21 47 32N, 104 44 11E', '136'),
('04447', 'Viễn Sơn', 'Xã', '21 46 20N, 104 41 00E', '136'),
('04450', 'Mỏ Vàng', 'Xã', '21 44 07N, 104 38 40E', '136'),
('04453', 'Nà Hẩu', 'Xã', '21 45 47N, 104 33 40E', '136'),
('04456', 'Mù Cang Chải', 'Thị Trấn', '21 50 49N, 104 05 30E', '137'),
('04459', 'Hồ Bốn', 'Xã', '21 54 33N, 103 56 22E', '137'),
('04462', 'Nậm Có', 'Xã', '21 51 35N, 104 18 17E', '137'),
('04465', 'Khao Mang', 'Xã', '21 53 54N, 104 00 08E', '137'),
('04468', 'Mồ Dề', 'Xã', '21 52 22N, 104 06 28E', '137'),
('04471', 'Chế Cu Nha', 'Xã', '21 50 58N, 104 09 34E', '137'),
('04474', 'Lao Chải', 'Xã', '21 49 04N, 103 59 49E', '137'),
('04477', 'Kim Nọi', 'Xã', '21 49 29N, 104 04 45E', '137'),
('04480', 'Cao Phạ', 'Xã', '21 46 54N, 104 14 32E', '137'),
('04483', 'La Pán Tẩn', 'Xã', '21 48 05N, 104 10 39E', '137'),
('04486', 'Dế Xu Phình', 'Xã', '21 46 44N, 104 07 40E', '137'),
('04489', 'Chế Tạo', 'Xã', '21 42 29N, 104 01 35E', '137'),
('04492', 'Púng Luông', 'Xã', '21 44 38N, 104 11 35E', '137'),
('04495', 'Nậm Khắt', 'Xã', '21 41 22N, 104 14 12E', '137'),
('04498', 'Cổ Phúc', 'Thị Trấn', '21 45 50N, 104 49 14E', '138'),
('04501', 'Tân Đồng', 'Xã', '21 51 05N, 104 47 46E', '138'),
('04504', 'Báo Đáp', 'Xã', '21 49 25N, 104 45 59E', '138'),
('04507', 'Đào Thịnh', 'Xã', '21 48 37N, 104 48 09E', '138'),
('04510', 'Việt Thành', 'Xã', '21 47 33N, 104 48 55E', '138'),
('04513', 'Hòa Cuông', 'Xã', '21 47 46N, 104 50 44E', '138'),
('04516', 'Minh Quán', 'Xã', '21 46 48N, 104 51 30E', '138'),
('04519', 'Quy Mông', 'Xã', '21 46 16N, 104 46 44E', '138'),
('04522', 'Cường Thịnh', 'Xã', '21 45 28N, 104 52 29E', '138'),
('04525', 'Kiên Thành', 'Xã', '21 42 55N, 104 43 47E', '138'),
('04528', 'Nga Quán', 'Xã', '21 44 49N, 104 50 37E', '138'),
('04531', 'Y Can', 'Xã', '21 43 04N, 104 47 35E', '138'),
('04534', 'Minh Tiến', 'Xã', '21 43 36N, 104 49 33E', '138'),
('04537', 'Lương Thịnh', 'Xã', '21 39 58N, 104 46 17E', '138'),
('04540', 'Âu Lâu', 'Xã', '21 41 31N, 104 50 31E', '132'),
('04543', 'Giới Phiên', 'Xã', '21 41 43N, 104 53 25E', '132'),
('04546', 'Hợp Minh', 'Xã', '21 41 02N, 104 51 52E', '132'),
('04549', 'Văn Tiến', 'Xã', '21 40 39N, 104 56 11E', '132');

--
-- Chỉ mục cho các bảng đã đổ
--

--
-- Chỉ mục cho bảng `address`
--
ALTER TABLE `address`
  ADD PRIMARY KEY (`addressid`),
  ADD KEY `provinceid` (`provinceid`),
  ADD KEY `districtid` (`districtid`),
  ADD KEY `wardid` (`wardid`);

--
-- Chỉ mục cho bảng `category`
--
ALTER TABLE `category`
  ADD PRIMARY KEY (`CategoryID`),
  ADD UNIQUE KEY `CategoryName` (`CategoryName`);

--
-- Chỉ mục cho bảng `category_product`
--
ALTER TABLE `category_product`
  ADD PRIMARY KEY (`cpId`),
  ADD KEY `category_product_product_pid_foreign` (`product_pID`),
  ADD KEY `category_product_category_categoryid_foreign` (`category_CategoryID`);

--
-- Chỉ mục cho bảng `country`
--
ALTER TABLE `country`
  ADD PRIMARY KEY (`cID`),
  ADD UNIQUE KEY `cName` (`cName`);

--
-- Chỉ mục cho bảng `detail`
--
ALTER TABLE `detail`
  ADD PRIMARY KEY (`dID`),
  ADD KEY `FK_Detail` (`rID`),
  ADD KEY `FK_Detail_Product` (`pID`);

--
-- Chỉ mục cho bảng `district`
--
ALTER TABLE `district`
  ADD PRIMARY KEY (`districtid`),
  ADD KEY `provinceid` (`provinceid`);

--
-- Chỉ mục cho bảng `migrations`
--
ALTER TABLE `migrations`
  ADD PRIMARY KEY (`id`);

--
-- Chỉ mục cho bảng `personal_access_tokens`
--
ALTER TABLE `personal_access_tokens`
  ADD PRIMARY KEY (`id`),
  ADD UNIQUE KEY `personal_access_tokens_token_unique` (`token`),
  ADD KEY `personal_access_tokens_tokenable_type_tokenable_id_index` (`tokenable_type`,`tokenable_id`);

--
-- Chỉ mục cho bảng `product`
--
ALTER TABLE `product`
  ADD PRIMARY KEY (`pID`),
  ADD KEY `FK_Origin` (`cID`);

--
-- Chỉ mục cho bảng `province`
--
ALTER TABLE `province`
  ADD PRIMARY KEY (`provinceid`);

--
-- Chỉ mục cho bảng `receipt`
--
ALTER TABLE `receipt`
  ADD PRIMARY KEY (`rID`),
  ADD KEY `FK_Receipt_2` (`uID`);

--
-- Chỉ mục cho bảng `roles`
--
ALTER TABLE `roles`
  ADD PRIMARY KEY (`roleId`),
  ADD UNIQUE KEY `roleName` (`roleName`);

--
-- Chỉ mục cho bảng `users`
--
ALTER TABLE `users`
  ADD PRIMARY KEY (`uID`),
  ADD UNIQUE KEY `uUsername` (`uUsername`),
  ADD UNIQUE KEY `uEmail` (`uEmail`),
  ADD UNIQUE KEY `uPhoneNumber` (`uPhoneNumber`),
  ADD KEY `FK_Address` (`addressid`),
  ADD KEY `FK_User_Role` (`roleId`);

--
-- Chỉ mục cho bảng `ward`
--
ALTER TABLE `ward`
  ADD PRIMARY KEY (`wardid`),
  ADD KEY `districtid` (`districtid`);

--
-- AUTO_INCREMENT cho các bảng đã đổ
--

--
-- AUTO_INCREMENT cho bảng `address`
--
ALTER TABLE `address`
  MODIFY `addressid` int(11) NOT NULL AUTO_INCREMENT;

--
-- AUTO_INCREMENT cho bảng `category`
--
ALTER TABLE `category`
  MODIFY `CategoryID` int(11) NOT NULL AUTO_INCREMENT, AUTO_INCREMENT=8;

--
-- AUTO_INCREMENT cho bảng `category_product`
--
ALTER TABLE `category_product`
  MODIFY `cpId` int(10) UNSIGNED NOT NULL AUTO_INCREMENT, AUTO_INCREMENT=9;

--
-- AUTO_INCREMENT cho bảng `country`
--
ALTER TABLE `country`
  MODIFY `cID` int(11) NOT NULL AUTO_INCREMENT, AUTO_INCREMENT=197;

--
-- AUTO_INCREMENT cho bảng `detail`
--
ALTER TABLE `detail`
  MODIFY `dID` int(11) NOT NULL AUTO_INCREMENT;

--
-- AUTO_INCREMENT cho bảng `migrations`
--
ALTER TABLE `migrations`
  MODIFY `id` int(10) UNSIGNED NOT NULL AUTO_INCREMENT, AUTO_INCREMENT=5;

--
-- AUTO_INCREMENT cho bảng `personal_access_tokens`
--
ALTER TABLE `personal_access_tokens`
  MODIFY `id` bigint(20) UNSIGNED NOT NULL AUTO_INCREMENT;

--
-- AUTO_INCREMENT cho bảng `product`
--
ALTER TABLE `product`
  MODIFY `pID` int(11) NOT NULL AUTO_INCREMENT, AUTO_INCREMENT=100;

--
-- AUTO_INCREMENT cho bảng `receipt`
--
ALTER TABLE `receipt`
  MODIFY `rID` int(11) NOT NULL AUTO_INCREMENT;

--
-- AUTO_INCREMENT cho bảng `roles`
--
ALTER TABLE `roles`
  MODIFY `roleId` int(11) NOT NULL AUTO_INCREMENT;

--
-- AUTO_INCREMENT cho bảng `users`
--
ALTER TABLE `users`
  MODIFY `uID` int(11) NOT NULL AUTO_INCREMENT;

--
-- Các ràng buộc cho các bảng đã đổ
--

--
-- Các ràng buộc cho bảng `address`
--
ALTER TABLE `address`
  ADD CONSTRAINT `address_ibfk_1` FOREIGN KEY (`provinceid`) REFERENCES `province` (`provinceid`),
  ADD CONSTRAINT `address_ibfk_2` FOREIGN KEY (`districtid`) REFERENCES `district` (`districtid`),
  ADD CONSTRAINT `address_ibfk_3` FOREIGN KEY (`wardid`) REFERENCES `ward` (`wardid`);

--
-- Các ràng buộc cho bảng `category_product`
--
ALTER TABLE `category_product`
  ADD CONSTRAINT `category_product_category_categoryid_foreign` FOREIGN KEY (`category_CategoryID`) REFERENCES `category` (`CategoryID`),
  ADD CONSTRAINT `category_product_product_pid_foreign` FOREIGN KEY (`product_pID`) REFERENCES `product` (`pID`);

--
-- Các ràng buộc cho bảng `detail`
--
ALTER TABLE `detail`
  ADD CONSTRAINT `FK_Detail` FOREIGN KEY (`rID`) REFERENCES `receipt` (`rID`),
  ADD CONSTRAINT `FK_Detail_Product` FOREIGN KEY (`pID`) REFERENCES `product` (`pID`);

--
-- Các ràng buộc cho bảng `district`
--
ALTER TABLE `district`
  ADD CONSTRAINT `district_ibfk_1` FOREIGN KEY (`provinceid`) REFERENCES `province` (`provinceid`);

--
-- Các ràng buộc cho bảng `product`
--
ALTER TABLE `product`
  ADD CONSTRAINT `FK_Origin` FOREIGN KEY (`cID`) REFERENCES `country` (`cID`);

--
-- Các ràng buộc cho bảng `receipt`
--
ALTER TABLE `receipt`
  ADD CONSTRAINT `FK_Receipt_2` FOREIGN KEY (`uID`) REFERENCES `users` (`uID`);

--
-- Các ràng buộc cho bảng `users`
--
ALTER TABLE `users`
  ADD CONSTRAINT `FK_Address` FOREIGN KEY (`addressid`) REFERENCES `address` (`addressid`),
  ADD CONSTRAINT `FK_User_Role` FOREIGN KEY (`roleId`) REFERENCES `roles` (`roleId`);

--
-- Các ràng buộc cho bảng `ward`
--
ALTER TABLE `ward`
  ADD CONSTRAINT `ward_ibfk_1` FOREIGN KEY (`districtid`) REFERENCES `district` (`districtid`);
COMMIT;

/*!40101 SET CHARACTER_SET_CLIENT=@OLD_CHARACTER_SET_CLIENT */;
/*!40101 SET CHARACTER_SET_RESULTS=@OLD_CHARACTER_SET_RESULTS */;
/*!40101 SET COLLATION_CONNECTION=@OLD_COLLATION_CONNECTION */;
